Family,Species,Type,Locality,a,b
Belonidae,Ablennes hians,TL,Lakshadweep /  2015-2017,0.00132,2.972
Pomacentridae,Abudefduf saxatilis,TL,"Praia dos Castelhanos, Espírito Santo, 2005-07",0.0246,2.85
Pomacentridae,Abudefduf saxatilis,TL,Cape Verde Archipelago / 2008-2013,0.0187,3.392
Acanthuridae,Acanthurus chirurgus,TL,Grand Cul-de-Sac Marin Bay (Guadelopue) and Bay of Fort-de-France (Martinique),0.0282,2.8137
Acanthuridae,Acanthurus chirurgus,TL,"Praia dos Castelhanos, Espírito Santo, 2005-07",0.024,2.93
Acanthuridae,Acanthurus nigricans,TL,Northern Line Islands / 2006-2011.,0.01533,3.178
Acanthuridae,Acanthurus nigricans,TL,"Society and Tuamotu Archipelagos / 2018, 2019, 2021.",0.024,2.988
Acanthuridae,Acanthurus tractus,TL,Grand Cul-de-Sac Marin Bay (Guadelopue) and Bay of Fort-de-France (Martinique),0.0348,2.6894
Acanthuridae,Acanthurus triostegus,TL,"Lakshadweep lagoons, 1993-97",0.0213,3.081
Acanthuridae,Acanthurus xanthopterus,TL,Barra de Navidad lagoon / 2002-2003,0.0301,2.88
Albulidae,Albula vulpes,TL,"Indus delta, northern Arabian Sea / 1999-2001.",0.01138,2.858
Carangidae,Alectis ciliaris,TL,1985,0.0412,2.85
Carangidae,Alectis ciliaris,TL,"Gulf of California (Southern Sinaloa and Nayarit), 2005-2007",0.019,2.894
Paralichthyidae,Ancylopsetta dendritica,TL,"Gulf of California (Southern Sinaloa and Nayarit), 2005-2007",0.007,3.253
Engraulidae,Anchoa filifera,TL,"Southeastern region (São Sebastião System), São Paulo, 1997",0.00424,3.192
Engraulidae,Anchoa filifera,TL,Southeastern coast / 2004-2006.,0.00514,3.133
Engraulidae,Anchoa filifera,TL,Northeastern Brazilian coast / 2013-2014.,0.0014,3.6493
Engraulidae,Anchoa hepsetus,TL,"Gulf of Mexico, Louisiana & Mississippi",0.0182,2.826
Engraulidae,Anchoa hepsetus,TL,"Northern region (Curuçá Estuary), Pará, 2003-2004",0.006,3.09
Engraulidae,Anchoa hepsetus,TL,"Pará (0°S - 25°S), 2003-2004",0.00277,3.482
Engraulidae,Anchoa hepsetus,TL,"Terminos Lagoon, Campeche / 2006-2008",0.0062,3.118
Engraulidae,Anchoa ischana,TL,Bahia de Matanchen / 2013-2014,0.0067,2.946
Engraulidae,Anchoa lyolepis,TL,"Southeastern region (São Sebastião System), São Paulo, 1997",0.00449,3.101
Engraulidae,Anchoa lyolepis,TL,Grand Cul-de-Sac Marin Bay (Guadelopue) and Bay of Fort-de-France (Martinique),0.0064,3.0618
Engraulidae,Anchoa lyolepis,TL,Parana´ state coast / 2004 - 2005,0.00586,2.96
Engraulidae,Anchoa lyolepis,TL,Grand Cul-de-Sac Marin Bay.,0.0021,3.541
Engraulidae,Anchoa panamensis,TL,Bahia de Matanchen / 2013-2014,0.0029,3.311
Engraulidae,Anchoa parva,TL,"Paraná (0°S - 25°S), 2003-2004",0.00504,3.194
Engraulidae,Anchoa spinifer,TL,Parana´ state coast / 2004 - 2005,0.00396,3.18
Engraulidae,Anchoa spinifer,TL,"Marapanim River, Para State / 2006-2007.",0.003,3.327
Engraulidae,Anchoa spinifer,TL,Sergipe / 2015-2016.,0.00386,3.222
Engraulidae,Anchoa spinifer,TL,Pernambuco / 2011-2014.,0.0046,3.17
Engraulidae,Anchovia clupeoides,TL,"Central coast, 1993-2000",0.0045,3.149
Engraulidae,Anchovia clupeoides,TL,"Northern region (Curuçá Estuary), Pará, 2003-2004.",0.0056,3.12
Engraulidae,Anchovia clupeoides,TL,"Pará (0°S - 25°S), 2003-2004",0.00187,3.563
Engraulidae,Anchovia clupeoides,TL,"Espirito Santo (0°S - 25°S), 2003-2004",0.00455,3.147
Engraulidae,Anchovia clupeoides,TL,"Ilha de Paciência, Maranhão, 2006-2007",0.015,2.879
Engraulidae,Anchovia clupeoides,TL,southern Bahia / 2003-2005,0.0042,3.203
Engraulidae,Anchovia clupeoides,TL,Pernambuco / 2011-2014.,0.0061,3.04
Engraulidae,Anchovia clupeoides,TL,Pernambuco / 2011-2014.,0.0045,3.15
Engraulidae,Anchovia macrolepidota,TL,"Gulf of California (Southern Sinaloa and Nayarit), 2005-2007",0.007,3.292
Engraulidae,Anchovia macrolepidota,TL,Barra de Navidad lagoon / 2002-2003,0.0033,3.32
Engraulidae,Anchovia macrolepidota,TL,Bahia de Matanchen / 2013-2014,0.0039,3.241
Engraulidae,Anchovia macrolepidota,TL,"near mouth of Rio Verde, Oaxaca / 2009-2010.",0.0444,2.55
Engraulidae,Anchoviella elongata,TL,"Golfão Maranhense, Brazilian Amazon littoral region / 2016.",0.0235,2.366
Haemulidae,Anisotremus surinamensis,TL,"Trindade Island / 2012, 2013.",0.067,2.69
Apogonidae,Apogon pacificus,TL,"Bahía de La Paz (24°06'-24°48'N; 110°15'-110°39'W), Gulf of California, 2000-2003",0.0103,3.074
Apogonidae,Apogon retrosella,TL,"Bahía de La Paz (24°06'-24°48'N; 110°15'-110°39'W), Gulf of California, 2000-2003",0.00977,3.192
Sparidae,Archosargus probatocephalus,TL,"Espirito Santo (0°S - 25°S), 2003-2004",0.00789,3.327
Sparidae,Archosargus probatocephalus,TL,"Terminos Lagoon, Campeche / 2006-2008",0.0157,3.0853
Sparidae,Archosargus rhomboidalis,TL,Grand Cul-de-Sac Marin Bay (Guadelopue) and Bay of Fort-de-France (Martinique),0.0215,2.96
Sparidae,Archosargus rhomboidalis,TL,Grand Cul-de-Sac Marin Bay.,0.0026,3.624
Sparidae,Archosargus rhomboidalis,TL,"Terminos Lagoon, Campeche / 2006-2008",0.0268,2.8826
Sparidae,Archosargus rhomboidalis,TL,Pernambuco / 2011-2014.,0.0126,3.14
Congridae,Ariosoma balearicum,TL,Balearic Islands / 2001-2001.,0.0012,3.0711
Congridae,Ariosoma balearicum,TL,Continental shelf and upper slope / 2008-2011,0.0019,2.89
Apogonidae,Astrapogon stellatus,TL,Southern Florida,0.017,3.077
Atherinidae,Atherinomorus stipes,TL,Grand Cul-de-Sac Marin Bay (Guadelopue) and Bay of Fort-de-France (Martinique),0.0071,3.0487
Atherinidae,Atherinomorus stipes,TL,Grand Cul-de-Sac Marin Bay.,0.0047,3.314
Atherinopsidae,Atherinella blackburni,TL,Piraque-acu and Piraque-mirim rivers / 2008-2009.,0.0041,3.16
Pomacentridae,Azurina atrilobata,TL,"Bahía de La Paz (24°06'-24°48'N; 110°15'-110°39'W), Gulf of California, 2000-2003",0.00523,3.416
Sciaenidae,Bairdiella ronchus,TL,Southern coast,0.00778,3.14
Sciaenidae,Bairdiella ronchus,TL,Grand Cul-de-Sac Marin Bay (Guadelopue) and Bay of Fort-de-France (Martinique),0.0083,3.1518
Sciaenidae,Bairdiella ronchus,TL,"Espirito Santo (0°S - 25°S), 2003-2004",0.00506,3.364
Sciaenidae,Bairdiella ronchus,TL,"Pernambuco (0°S - 25°S), 2003-2004",0.0114,2.962
Sciaenidae,Bairdiella ronchus,TL,"Ilha de Paciência, Maranhão, 2006-2007",0.0467,2.565
Sciaenidae,Bairdiella ronchus,TL,Parana´ state coast / 2004 - 2005,0.0057,3.11
Sciaenidae,Bairdiella ronchus,TL,Grand Cul-de-Sac Marin Bay.,0.0021,3.589
Sciaenidae,Bairdiella ronchus,TL,Southeastern coast / 2004-2006.,0.00616,3.235
Sciaenidae,Bairdiella ronchus,TL,Southeastern coast / 2004-2006.,0.00693,3.141
Sciaenidae,Bairdiella ronchus,TL,Ubatuba-Enseada Bay / 2003-2004,0.008,3.136
Sciaenidae,Bairdiella ronchus,TL,"Terminos Lagoon, Campeche / 2006-2008",0.0078,3.1711
Sciaenidae,Bairdiella ronchus,TL,Pernambuco / 2011-2014.,0.0043,3.38
Sciaenidae,Bairdiella ronchus,TL,Pernambuco / 2011-2014.,0.0061,3.24
Sciaenidae,Bairdiella ronchus,TL,Pernambuco / 2011-2014.,0.005,3.33
Gobiidae,Bathygobius mystacium,TL,"Praia dos Castelhanos, Espírito Santo, 2005-07",0.0114,2.94
Gobiidae,Bathygobius soporator,TL,"Praia dos Castelhanos, Espírito Santo, 2005-07",0.0109,3.08
Gobiidae,Bathygobius soporator,TL,"Ologe Lagoon, 3° 2'E to 3° 7'E; 6°27'N to 6°30'N, 2007",0.019,2.744
Gobiidae,Bathygobius soporator,TL,"Marica, Sacuarema, Araruama coastal lagoons, South western Brazil / 2011.",0.01,3.117
Gobiidae,Bathygobius soporator,TL,Pernambuco / 2011-2014.,0.0088,3.16
Gobiidae,Bathygobius soporator,TL,"Santa Catarina (Saco da Frazenda, 1997-1998)",0.0178,2.93
Gobiidae,Bathygobius soporator,TL,"Santa Catarina (Saco da Frazenda, 2005-2006)",0.0191,2.9
Gobiidae,Bathygobius soporator,TL,"Santa Catarina (Saco da Frazenda, 1997-1998)",0.0149,2.99
Gobiidae,Bathygobius soporator,TL,"Santa Catarina (Saco da Frazenda, 2005-2006)",0.0166,2.97
Congridae,Bathyuroconger vicinus,TL,Southwest Indian EEZ / 2006.,0.00037,3.31
Batrachoididae,Batrachoides surinamensis,TL,"Northern region (Curuçá Estuary), Pará, 2003-2004.",0.0031,3.47
Batrachoididae,Batrachoides surinamensis,TL,"Pará (0°S - 25°S), 2003-2004",0.00656,3.172
Batrachoididae,Batrachoides surinamensis,TL,"Ilha de Paciência, Maranhão, 2006-2007",0.0176,2.977
Batrachoididae,Batrachoides surinamensis,TL,"Marapanim River, Para State / 2006-2007.",0.004,3.49
Bothidae,Bothus leopardinus,TL,Baja California Sur / 2004 - 2006,0.009,3.303
Bothidae,Bothus leopardinus,TL,"Gulf of California (Southern Sinaloa and Nayarit), 2005-2007",0.027,2.607
Bothidae,Bothus lunatus,TL,Southern Florida,0.00981,3.189
Bothidae,Bothus ocellatus,TL,"Northeast Brazilian continental shelf / 2015, 2017.",0.0108,3.03
Bothidae,Bothus ocellatus,TL,Northeastern Brazilian coast / 2013-2014.,0.0598,2.2102
Bregmacerotidae,Bregmaceros atlanticus,TL,"South-Southeast EEZ /1996, 1997.",0.00344,3.235
Bregmacerotidae,Bregmaceros atlanticus,TL,Caribbean Sea / 1999,0.00874,2.54
Bregmacerotidae,Bregmaceros atlanticus,TL,Southwestern EEZ of Brazil.,0.00515,2.999
Bregmacerotidae,Bregmaceros atlanticus,TL,"NE Mediterranean coast, 2001-2003",0.0032,3.289
Bregmacerotidae,Bregmaceros cantori,TL,"South-Southeast EEZ /1996, 1997.",0.00411,3.137
Bregmacerotidae,Bregmaceros cantori,TL,Southwestern EEZ of Brazil.,0.0051,2.999
Ophidiidae,Brotula barbata,TL,NA,0.00732,3
Ophidiidae,Brotula barbata,TL,Cape Verde peninsula / 2010-2011,0.003,3.25
Ophidiidae,Brotula clarkae,TL,"Gulf of California (Southern Sinaloa and Nayarit), 2005-2007",0.003,3.091
Ophidiidae,Brotula clarkae,TL,"Pacific coast, 2012-2013",0.005,3.1
Sparidae,Calamus bajonado,TL,Florida/2015-2016,0.01234,3.05
Sparidae,Calamus calamus,TL,"Northeast Brazilian continental shelf / 2015, 2017.",0.0306,2.81
Sparidae,Calamus pennatula,TL,"Central coast, 1993-2000",0.0119,3.093
Carangidae,Caranx bartholomaei,TL,Pernambuco / 2011-2014.,0.0298,2.71
Carangidae,Caranx caballus,TL,Las Perlas archipelago/2005-2006,0.023,2.78
Carangidae,Caranx caballus,TL,Las Perlas archipelago/2005-2006,0.027,2.75
Carangidae,Caranx caninus,TL,NA,0.0161,3
Carangidae,Caranx caninus,TL,Barra de Navidad lagoon / 2002-2003,0.0129,2.98
Carangidae,Caranx caninus,TL,"near mouth of Rio Verde, Oaxaca / 2009-2010.",0.0213,2.85
Carangidae,Caranx crysos,TL,1984,0.0169,3.02
Carangidae,Caranx crysos,TL,"Central coast, 1993-2000",0.0459,2.593
Carangidae,Caranx crysos,TL,"Iskenderun Bay, off Yumurtal?k, Adana, 2008-2009",0.01,3
Carangidae,Caranx crysos,TL,"Caribbean coast, 2012-2013",0.015,2.906
Carangidae,Caranx crysos,TL,Itaipu/2001-2004,0.008,3.14
Carangidae,Caranx crysos,TL,Continental shelf and upper slope / 2008-2011,0.0089,3.11
Carangidae,Caranx hippos,TL,Tamil Nadu and Pondicherry,0.0329,2.855
Carangidae,Caranx hippos,TL,"Caribbean coast, 2012-2013",0.022,2.825
Carangidae,Caranx hippos,TL,"Mono Basin (Benin and Togo, West Africa) / 2011-2014.",0.012,3.035
Carangidae,Caranx hippos,TL,Pernambuco / 2011-2014.,0.0231,2.83
Carangidae,Caranx hippos,TL,Pernambuco / 2011-2014.,0.0126,2.97
Carangidae,Caranx hippos,TL,Couffo River/2018-2021,0.011,3.073
Carangidae,Caranx hippos,TL,Nokoué and Porto-Novo Lagoon / 2015-2016.,0.012,3.037
Carangidae,Caranx ignobilis,TL,Palawan / 1998-2014,0.024,2.8
Carangidae,Caranx ignobilis,TL,"Western Australia: Statewide, 2011-2016.",0.03325,2.7225
Carangidae,Caranx latus,TL,Grand Cul-de-Sac Marin Bay (Guadelopue) and Bay of Fort-de-France (Martinique),0.0186,2.8563
Carangidae,Caranx latus,TL,Piraque-acu and Piraque-mirim rivers / 2008-2009.,0.0216,2.8
Carangidae,Caranx latus,TL,Pernambuco / 2011-2014.,0.0132,3.02
Carangidae,Caranx lugubris,TL,"Central coast, 1993-2000",0.0187,2.9
Carangidae,Caranx lugubris,TL,"Trindade Island / 2012, 2013.",0.0211,2.92
Carangidae,Caranx ruber,TL,Pernambuco / 2011-2014.,0.0197,2.86
Carangidae,Caranx sexfasciatus,TL,Barra de Navidad lagoon / 2002-2003,0.0136,2.98
Carangidae,Caranx sexfasciatus,TL,"Indus delta, northern Arabian Sea / 1999-2001.",0.0118,3.041
Carangidae,Caranx sexfasciatus,TL,"Java Sea, north of Madura Island / 2016-2016",0.02,2.878
Carapidae,Carapus mourlani,TL,NA,0.00144,3
Engraulidae,Cetengraulis edentulus,TL,"Ciénaga Grande de Santa Marta, 1982",0.00237,3.32
Engraulidae,Cetengraulis edentulus,TL,"Ciénaga Grande de Santa Marta, 1982",0.00121,3.45
Engraulidae,Cetengraulis edentulus,TL,"Northern region (Curuçá Estuary), Pará, 2003-2004.",0.0029,3.48
Engraulidae,Cetengraulis edentulus,TL,"Espirito Santo (0°S - 25°S), 2003-2004",0.00275,3.526
Engraulidae,Cetengraulis edentulus,TL,"Paraná (0°S - 25°S), 2003-2004",0.00275,3.526
Engraulidae,Cetengraulis edentulus,TL,"Pará (0°S - 25°S), 2003-2004",0.00491,3.129
Engraulidae,Cetengraulis edentulus,TL,"Bragança Paulista, Pará, 1999-2001",0.0021,3.6296
Engraulidae,Cetengraulis edentulus,TL,"Ilha de Paciência, Maranhão, 2006-2007",0.016,2.873
Engraulidae,Cetengraulis edentulus,TL,Parana´ state coast / 2004 - 2005,0.00427,3.18
Engraulidae,Cetengraulis edentulus,TL,North Rio de Janeiro / 1996-2017.,0.0187,3.21
Engraulidae,Cetengraulis mysticetus,TL,"Gulf of Nicoya, Puntarenas, 1989-90",0.00275,3.474
Engraulidae,Cetengraulis mysticetus,TL,"Gulf of Nicoya, Puntarenas, 1992-93",0.00351,3.404
Chaetodontidae,Chaetodon capistratus,TL,Southern Florida,0.022,3.19
Chaetodontidae,Chaetodon capistratus,TL,Grand Cul-de-Sac Marin Bay (Guadelopue) and Bay of Fort-de-France (Martinique),0.0147,3.4301
Chaetodontidae,Chaetodon humeralis,TL,"Gulf of California (Southern Sinaloa and Nayarit), 2005-2007",0.029,3.048
Chaetodontidae,Chaetodon humeralis,TL,Barra de Navidad lagoon / 2002-2003,0.0249,3.17
Chaetodontidae,Chaetodon ocellatus,TL,Southern Florida,0.0318,2.984
Chaetodontidae,Chaetodon sedentarius,TL,Southern Florida,0.0252,3.0759
Chaetodontidae,Chaetodon striatus,TL,Southern Florida,0.0222,3.14
Chaetodontidae,Chaetodon striatus,TL,"Praia dos Castelhanos, Espírito Santo, 2005-07",0.029,2.98
Bothidae,Chascanopsetta lugubris,TL,Southeastern Arabian Sea / 2014.,0.0012,3.448
Carangidae,Chloroscombrus chrysurus,TL,"Gulf of Mexico, Louisiana & Mississippi",0.0185,2.858
Carangidae,Chloroscombrus chrysurus,TL,NA,0.014,2.782
Carangidae,Chloroscombrus chrysurus,TL,"Southeastern region (São Sebastião System), São Paulo, 1997",0.0115,2.929
Carangidae,Chloroscombrus chrysurus,TL,NA,0.0111,2.86
Carangidae,Chloroscombrus chrysurus,TL,"Santa Catarina and São Paulo, 1997-98",0.0228,2.71
Carangidae,Chloroscombrus chrysurus,TL,"Pará (0°S - 25°S), 2003-2004",0.00783,3.109
Carangidae,Chloroscombrus chrysurus,TL,"Paraná (0°S - 25°S), 2003-2004",0.0168,2.763
Carangidae,Chloroscombrus chrysurus,TL,"Bragança Paulista, Pará, 1999-2001",0.0378,2.5266
Carangidae,Chloroscombrus chrysurus,TL,"Southeastern region, 1995-1996",0.0202,2.66
Carangidae,Chloroscombrus chrysurus,TL,Parana´ state coast / 2004 - 2005,0.00912,2.83
Carangidae,Chloroscombrus chrysurus,TL,Grand Cul-de-Sac Marin Bay.,0.0077,3.075
Carangidae,Chloroscombrus chrysurus,TL,Southeastern coast / 2004-2006.,0.01103,2.962
Carangidae,Chloroscombrus chrysurus,TL,Southeastern coast / 2004-2006.,0.01815,2.71
Carangidae,Chloroscombrus chrysurus,TL,Southeastern coast / 2004-2006.,0.01829,2.694
Carangidae,Chloroscombrus chrysurus,TL,Ubatuba-Enseada Bay / 2003-2004,0.057,3.321
Carangidae,Chloroscombrus chrysurus,TL,Piraque-acu and Piraque-mirim rivers / 2008-2009.,0.0176,2.76
Carangidae,Chloroscombrus chrysurus,TL,Pernambuco / 2011-2014.,0.0111,2.93
Carangidae,Chloroscombrus chrysurus,TL,North Rio de Janeiro / 1996-2017.,0.0302,2.53
Carangidae,Chloroscombrus chrysurus,TL,Cotonou/2014,0.005,3.141
Carangidae,Chloroscombrus chrysurus,TL,Cotonou/2014,0.007,3.27
Carangidae,Chloroscombrus orqueta,TL,"Gulf of California (Southern Sinaloa and Nayarit), 2005-2007",0.004,3.229
Carangidae,Chloroscombrus orqueta,TL,Barra de Navidad lagoon / 2002-2003,0.0043,3.23
Carangidae,Chloroscombrus orqueta,TL,Bahia de Matanchen / 2013-2014,0.0197,2.638
Ophidiidae,Cherublemma emmelas,TL,Gulf of California / 2005-2007,3.00E-04,3.1765
Ophidiidae,Cherublemma emmelas,TL,Gulf of California / 2005-2007,0.03508,2.2441
Pomacentridae,Chromis crusma,TL,Northern and central coast of Chile/ 2004-2005; 2012-2013.,0.0278,2.826
Haemulidae,Conodon nobilis,TL,"Southeastern region, 1995-1996",0.0147,2.99
Haemulidae,Conodon nobilis,TL,southern Bahia / 2003-2005,0.0052,3.398
Haemulidae,Conodon nobilis,TL,Parana´ state coast / 2004 - 2005,0.00649,3.09
Haemulidae,Conodon nobilis,TL,Southeastern coast / 2004-2006.,0.00687,3.288
Haemulidae,Conodon nobilis,TL,Pernambuco / 2011-2014.,0.0093,3.16
Haemulidae,Conodon nobilis,TL,Pernambuco / 2011-2014.,0.0134,3.02
Haemulidae,Conodon nobilis,TL,Pernambuco / 2011-2014.,0.0096,3.14
Haemulidae,Conodon nobilis,TL,Alagoas/2009-2012,0.014,3.01
Haemulidae,Conodon nobilis,TL,Alagoas/2009-2012,0.02,2.89
Haemulidae,Conodon serrifer,TL,"Gulf of California (Southern Sinaloa and Nayarit), 2005-2007",0.071,2.372
Haemulidae,Conodon serrifer,TL,continental coast / 2012-2014,0.0134,2.9443
Priacanthidae,Cookeolus japonicus,TL,NA,0.0143,3
Priacanthidae,Cookeolus japonicus,TL,East China Sea / 2009-2013,0.0469,2.7
Sciaenidae,Corvula macrops,TL,"Jalisco and Colima, 1995-96",0.0095,3.16
Scaridae,Cryptotomus roseus,TL,Grand Cul-de-Sac Marin Bay (Guadelopue) and Bay of Fort-de-France (Martinique),0.0078,3.2752
Scaridae,Cryptotomus roseus,TL,"Northeast Brazilian continental shelf / 2015, 2017.",0.0051,3.41
Gobiidae,Coryphopterus glaucofraenum,TL,Southern Florida,0.0131,2.967
Gobiidae,Coryphopterus glaucofraenum,TL,Southwest Zone,0.0165,2.68
Gobiidae,Coryphopterus glaucofraenum,TL,"Praia dos Castelhanos, Espírito Santo, 2005-07",0.00934,3.03
Gobiidae,Coryphopterus urospilus,TL,"Bahía de La Paz (24°06'-24°48'N; 110°15'-110°39'W), Gulf of California, 2000-2003",0.00616,3.314
Acanthuridae,Ctenochaetus marginatus,TL,Northern Line Islands / 2006-2011.,0.02291,2.941
Gobiidae,Ctenogobius boleosoma,TL,"Praia dos Castelhanos, Espírito Santo, 2005-07",0.00808,2.97
Gobiidae,Ctenogobius boleosoma,TL,"Marica, Sacuarema, Araruama coastal lagoons, South western Brazil / 2011.",0.005,3.136
Gobiidae,Ctenogobius boleosoma,TL,Guaratiba Mangrove / 2002-2003,0.0078,2.87
Gobiidae,Ctenogobius boleosoma,TL,Pernambuco / 2011-2014.,0.005,3.13
Gobiidae,Ctenogobius sagittula,TL,Barra de Navidad lagoon / 2002-2003,0.0066,2.8
Gobiidae,Ctenogobius smaragdus,TL,"Northern region (Curuçá Estuary), Pará, 2003-2004.",0.004,3.08
Sciaenidae,Ctenosciaena gracilicirrhus,TL,Rio Grande do Sul (28°-34°S),0.01378,3.003
Sciaenidae,Ctenosciaena gracilicirrhus,TL,"Southeastern region (São Sebastião System), São Paulo, 1997",0.00941,3.126
Sciaenidae,Ctenosciaena gracilicirrhus,TL,"Southeastern region, 1995-1996",0.0184,2.84
Sciaenidae,Ctenosciaena gracilicirrhus,TL,Parana´ state coast / 2004 - 2005,0.0047,3.25
Sciaenidae,Ctenosciaena gracilicirrhus,TL,Southeastern coast / 2004-2006.,0.00704,3.253
Sciaenidae,Ctenosciaena gracilicirrhus,TL,Southeastern coast / 2004-2006.,0.00968,3.132
Sciaenidae,Ctenosciaena gracilicirrhus,TL,Southeastern coast / 2004-2006.,0.00674,3.264
Sciaenidae,Ctenosciaena gracilicirrhus,TL,Sergipe / 2015-2016.,0.00631,3.302
Sciaenidae,Cynoscion acoupa,TL,NA,0.0136,3
Sciaenidae,Cynoscion acoupa,TL,"Northern region (Curuçá Estuary), Pará, 2003-2004.",0.0081,2.99
Sciaenidae,Cynoscion acoupa,TL,"Pará (0°S - 25°S), 2003-2004",0.00444,3.2
Sciaenidae,Cynoscion acoupa,TL,"Ilha de Paciência, Maranhão, 2006-2007",0.0107,3.03
Sciaenidae,Cynoscion albus,TL,NA,0.024,2.824
Sciaenidae,Cynoscion albus,TL,continental coast / 2012-2014,0.0064,3.1267
Sciaenidae,Cynoscion analis,TL,Central coast / 2012-2018.,0.008,3.073
Sciaenidae,Cynoscion jamaicensis,TL,Southern region (24°30'S),0.013,2.98
Sciaenidae,Cynoscion jamaicensis,TL,Rio Grande do Sul (28°-34°S),0.00729,3.148
Sciaenidae,Cynoscion jamaicensis,TL,"Southeastern region (São Sebastião System), São Paulo, 1997",0.00738,3.141
Sciaenidae,Cynoscion jamaicensis,TL,"southeastern coast, 1997-98",0.00781,3.14
Sciaenidae,Cynoscion jamaicensis,TL,"Northern region (Curuçá Estuary), Pará, 2003-2004.",0.0089,2.96
Sciaenidae,Cynoscion jamaicensis,TL,"Pará (0°S - 25°S), 2003-2004",0.00601,3.133
Sciaenidae,Cynoscion jamaicensis,TL,Cabo de São Tomé and Torres,0.00794,3.1
Sciaenidae,Cynoscion jamaicensis,TL,Cabo de São Tomé and Torres,0.00501,3.25
Sciaenidae,Cynoscion jamaicensis,TL,"Tucuruí, São Paulo",0.00868,3.08
Sciaenidae,Cynoscion jamaicensis,TL,"Southeastern region, 1995-1996",0.0056,3.17
Sciaenidae,Cynoscion jamaicensis,TL,Parana´ state coast / 2004 - 2005,0.00517,3.13
Sciaenidae,Cynoscion jamaicensis,TL,Southeastern coast / 2004-2006.,0.05212,2.172
Sciaenidae,Cynoscion jamaicensis,TL,North Rio de Janeiro / 1996-2017.,0.0097,2.97
Sciaenidae,Cynoscion jamaicensis,TL,Itaipu/2001-2004,0.001,3.06
Sciaenidae,Cynoscion leiarchus,TL,"Pará (0°S - 25°S), 2003-2004",0.00441,3.332
Sciaenidae,Cynoscion leiarchus,TL,"Paraná (0°S - 25°S), 2003-2004",0.0135,2.872
Sciaenidae,Cynoscion leiarchus,TL,"Ilha de Paciência, Maranhão, 2006-2007",0.0125,3.035
Sciaenidae,Cynoscion leiarchus,TL,Parana´ state coast / 2004 - 2005,0.00216,3.51
Sciaenidae,Cynoscion nannus,TL,"Jalisco and Colima, 1995-96",0.0133,2.92
Sciaenidae,Cynoscion phoxocephalus,TL,"Gulf of California (Southern Sinaloa and Nayarit), 2005-2007",0.007,3.008
Sciaenidae,Cynoscion phoxocephalus,TL,continental coast / 2012-2014,0.0227,2.7802
Sciaenidae,Cynoscion praedatorius,TL,Golfito,0.00838,3
Sciaenidae,Cynoscion reticulatus,TL,NA,0.00865,3
Sciaenidae,Cynoscion reticulatus,TL,"Gulf of California (Southern Sinaloa and Nayarit), 2005-2007",0.014,2.875
Sciaenidae,Cynoscion reticulatus,TL,"near mouth of Rio Verde, Oaxaca / 2009-2010.",0.0163,2.88
Sciaenidae,Cynoscion squamipinnis,TL,continental coast / 2012-2014,0.0067,3.0823
Sciaenidae,Cynoscion stolzmanni,TL,NA,0.00618,3
Sciaenidae,Cynoscion virescens,TL,NA,0.00894,3
Sciaenidae,Cynoscion virescens,TL,southern Bahia / 2003-2005,0.005,3.054
Sciaenidae,Cynoscion virescens,TL,Parana´ state coast / 2004 - 2005,0.00446,3.1
Sciaenidae,Cynoscion virescens,TL,Southeastern coast / 2004-2006.,0.00133,3.508
Sciaenidae,Cynoscion virescens,TL,Southeastern coast / 2004-2006.,0.02172,2.689
Sciaenidae,Cynoscion virescens,TL,Pernambuco / 2011-2014.,0.0108,2.86
Sciaenidae,Cynoscion virescens,TL,North Rio de Janeiro / 1996-2017.,0.0091,2.95
Mugilidae,Dajaus monticola,TL,"Biosphere Barranca de Metztitlán, Hidalgo State (20°14' - 20°45'N and 98°23' - 98°57'W)",0.0081,3.107
Carangidae,Decapterus macarellus,TL,1984,0.00783,3.14
Carangidae,Decapterus macrosoma,TL,1966-69,0.00564,3.17
Carangidae,Decapterus macrosoma,TL,Western region,0.0076,3.005
Carangidae,Decapterus macrosoma,TL,"Sarawak / 1997, 1998.",0.0076,3.1082
Carangidae,Decapterus macrosoma,TL,Palawan / 1998-2014,0.01,2.95
Carangidae,Decapterus macrosoma,TL,Antique/2019-2020,0.02,2.78
Carangidae,Decapterus muroadsi,TL,NA,0.01094,3
Carangidae,Decapterus punctatus,TL,1984,0.0119,2.99
Carangidae,Decapterus punctatus,TL,Cape Verde Archipelago / 2008-2013,0.0084,3.0666
Carangidae,Decapterus tabl,TL,Southwestern EEZ of Brazil.,0.0078,3.14
Carangidae,Decapterus tabl,TL,"Camotes Sea, Visayas region, 2012-2013",0.0097,2.986
Gerreidae,Deckertichthys aureolus,TL,"Gulf of California, Mazatlán, Nayarit, and Acapulco, 2006-09",0.019,2.87
Gerreidae,Deckertichthys aureolus,TL,continental coast / 2012-2014,0.0089,3.2116
Gerreidae,Diapterus auratus,TL,"Central coast, 1993-2000",0.0185,2.896
Gerreidae,Diapterus auratus,TL,"Northern region (Curuçá Estuary), Pará, 2003-2004.",0.0128,3.04
Gerreidae,Diapterus auratus,TL,"Pernambuco (0°S - 25°S), 2003-2004",0.00691,3.241
Gerreidae,Diapterus auratus,TL,"Espirito Santo (0°S - 25°S), 2003-2004",0.00959,3.109
Gerreidae,Diapterus auratus,TL,"Gulf of Mexico, Veracruz, and Yucatán, 2006-09",0.004,3.79
Gerreidae,Diapterus auratus,TL,Pernambuco / 2011-2014.,0.0139,2.98
Gerreidae,Diapterus auratus,TL,Pernambuco / 2011-2014.,0.0145,2.96
Gerreidae,Diapterus auratus,TL,Pernambuco / 2011-2014.,0.0095,3.09
Gerreidae,Diapterus brevirostris,TL,"Gulf of California (Southern Sinaloa and Nayarit), 2005-2007",0.019,2.853
Gerreidae,Diapterus brevirostris,TL,"Gulf of California, Mazatlán, Nayarit, and Acapulco, 2006-09",0.017,3.21
Gerreidae,Diapterus rhombeus,TL,"Southeastern region (São Sebastião System), São Paulo, 1997",0.0145,3.028
Gerreidae,Diapterus rhombeus,TL,Grand Cul-de-Sac Marin Bay (Guadelopue) and Bay of Fort-de-France (Martinique),0.0089,3.1866
Gerreidae,Diapterus rhombeus,TL,"Espirito Santo (0°S - 25°S), 2003-2004",0.00685,3.272
Gerreidae,Diapterus rhombeus,TL,"Pernambuco (0°S - 25°S), 2003-2004",0.0109,2.97
Gerreidae,Diapterus rhombeus,TL,"Ilha de Paciência, Maranhão, 2006-2007",0.0176,3.12
Gerreidae,Diapterus rhombeus,TL,"Southeastern region, 1995-1996",0.0125,3.03
Gerreidae,Diapterus rhombeus,TL,Parana´ state coast / 2004 - 2005,0.00342,3.4
Gerreidae,Diapterus rhombeus,TL,"Marica, Sacuarema, Araruama coastal lagoons, South western Brazil / 2011.",0.012,2.902
Gerreidae,Diapterus rhombeus,TL,Southeastern coast / 2004-2006.,0.00692,3.135
Gerreidae,Diapterus rhombeus,TL,Southeastern coast / 2004-2006.,0.0072,3.112
Gerreidae,Diapterus rhombeus,TL,Southeastern coast / 2004-2006.,0.00849,3.228
Gerreidae,Diapterus rhombeus,TL,Southeastern coast / 2004-2006.,0.06242,2.476
Gerreidae,Diapterus rhombeus,TL,"Terminos Lagoon, Campeche / 2006-2008",0.0119,3.041
Gerreidae,Diapterus rhombeus,TL,Guaratiba Mangrove / 2002-2003,0.0098,2.92
Gerreidae,Diapterus rhombeus,TL,Pernambuco / 2011-2014.,0.023,2.83
Gerreidae,Diapterus rhombeus,TL,Pernambuco / 2011-2014.,0.0197,2.84
Gerreidae,Diapterus rhombeus,TL,Pernambuco / 2011-2014.,0.01,3.1
Serranidae,Diplectrum bivittatum,TL,Northeastern Brazilian coast / 2013-2014.,0.0025,3.5964
Serranidae,Diplectrum eumelum,TL,"Jalisco and Colima, 1995-96",0.0067,3.25
Serranidae,Diplectrum euryplectrum,TL,"Jalisco and Colima, 1995-96",0.011,3.05
Serranidae,Diplectrum formosum,TL,Rio Grande do Sul (28°-34°S),0.00389,3.433
Serranidae,Diplectrum formosum,TL,"Southeastern region (São Sebastião System), São Paulo, 1997",0.00537,3.282
Serranidae,Diplectrum formosum,TL,"Southeastern region, 1995-1996",0.0038,3.38
Serranidae,Diplectrum labarum,TL,"Jalisco and Colima, 1995-96",0.0141,2.97
Serranidae,Diplectrum labarum,TL,"Gulf of California (Southern Sinaloa and Nayarit), 2005-2007",0.013,2.959
Serranidae,Diplectrum macropoma,TL,continental coast / 2012-2014,0.0043,3.3805
Serranidae,Diplectrum maximum,TL,Baja California Sur / 2004 - 2006,0.006,3.301
Serranidae,Diplectrum pacificum,TL,Baja California Sur / 2004 - 2006,0.003,3.535
Serranidae,Diplectrum pacificum,TL,Bahia Magdalena-Almejas lagoon system / 2014-2015.,0.005,3.246
Serranidae,Diplectrum radiale,TL,Rio Grande do Sul (28°-34°S),0.01631,2.976
Serranidae,Diplectrum radiale,TL,"Southeastern region (São Sebastião System), São Paulo, 1997",0.00315,3.488
Serranidae,Diplectrum radiale,TL,"Paraná (0°S - 25°S), 2003-2004",0.0107,3.067
Serranidae,Diplectrum radiale,TL,"Southeastern region, 1995-1996",0.0071,3.22
Serranidae,Diplectrum radiale,TL,Parana´ state coast / 2004 - 2005,0.00677,3.06
Serranidae,Diplectrum radiale,TL,Southeastern coast / 2004-2006.,0.01928,2.881
Serranidae,Diplectrum rostrum,TL,"Jalisco and Colima, 1995-96",0.009,3.1
Carangidae,Elagatis bipinnulata,TL,"Java Sea, north of Madura Island / 2016-2016",0.016,2.754
Sciaenidae,Elattarchus archidium,TL,"near mouth of Rio Verde, Oaxaca / 2009-2010.",0.0066,3.14
Muraenidae,Echidna nebulosa,TL,NA,0.00116,3
Muraenidae,Echidna nebulosa,TL,Taiwan waters / 2003-2008.,0.00059,3.19
Muraenidae,Echidna nebulosa,TL,Taiwan waters / 2003-2008.,1.00E-04,3.65
Muraenidae,Echidna nebulosa,TL,Taiwan waters / 2003-2008.,1.00E-04,3.64
Muraenidae,Enchelycore lichenosa,TL,Taiwan waters / 2003-2008.,0.00062,3.16
Muraenidae,Enchelycore nigricans,TL,NA,0.00173,3
Muraenidae,Enchelynassa canina,TL,NA,0.00143,3
Sciaenidae,Eques lanceolatus,TL,Southern Florida,0.00109,3.844
Lutjanidae,Etelis oculatus,TL,"Central coast, 1993-2000",0.0128,2.908
Lutjanidae,Etelis oculatus,TL,Lesser Antilles,0.03006,2.8147
Gerreidae,Eucinostomus argenteus,TL,"Southeastern region (São Sebastião System), São Paulo, 1997",0.00304,3.135
Gerreidae,Eucinostomus argenteus,TL,"Central coast, 1993-2000",0.0113,3.045
Gerreidae,Eucinostomus argenteus,TL,Grand Cul-de-Sac Marin Bay (Guadelopue) and Bay of Fort-de-France (Martinique),0.0121,2.9855
Gerreidae,Eucinostomus argenteus,TL,Grand Cul-de-Sac Marin Bay (Guadelopue) and Bay of Fort-de-France (Martinique),0.0081,3.1428
Gerreidae,Eucinostomus argenteus,TL,"Espirito Santo (0°S - 25°S), 2003-2004",0.00791,3.196
Gerreidae,Eucinostomus argenteus,TL,"Paraná (0°S - 25°S), 2003-2004",0.00807,3.175
Gerreidae,Eucinostomus argenteus,TL,"Southeastern region, 1995-1996",0.0106,3.03
Gerreidae,Eucinostomus argenteus,TL,"Praia dos Castelhanos, Espírito Santo, 2005-07",0.00825,3.16
Gerreidae,Eucinostomus argenteus,TL,Parana´ state coast / 2004 - 2005,0.00502,3.18
Gerreidae,Eucinostomus argenteus,TL,"Gulf of Mexico, Veracruz, and Yucatán, 2006-09",0.008,3.38
Gerreidae,Eucinostomus argenteus,TL,"Marica, Sacuarema, Araruama coastal lagoons, South western Brazil / 2011.",0.009,3.031
Gerreidae,Eucinostomus argenteus,TL,Southeastern coast / 2004-2006.,0.01637,2.917
Gerreidae,Eucinostomus argenteus,TL,"Terminos Lagoon, Campeche / 2006-2008",0.0084,3.0047
Gerreidae,Eucinostomus argenteus,TL,Guaratiba Mangrove / 2002-2003,0.0112,2.9
Gerreidae,Eucinostomus argenteus,TL,Pernambuco / 2011-2014.,0.009,3.11
Gerreidae,Eucinostomus argenteus,TL,Pernambuco / 2011-2014.,0.0102,3.06
Gerreidae,Eucinostomus argenteus,TL,Pernambuco / 2011-2014.,0.0085,3.13
Gerreidae,Eucinostomus argenteus,TL,Itaipu/2001-2004,0.009,3.14
Gerreidae,Eucinostomus currani,TL,"Jalisco and Colima, 1995-96",0.0268,2.75
Gerreidae,Eucinostomus currani,TL,"Gulf of California (Southern Sinaloa and Nayarit), 2005-2007",0.007,3.254
Gerreidae,Eucinostomus currani,TL,"Gulf of California, Mazatlán, Nayarit, and Acapulco, 2006-09",0.013,3.18
Gerreidae,Eucinostomus currani,TL,Barra de Navidad lagoon / 2002-2003,0.008,3.14
Gerreidae,Eucinostomus dowii,TL,"Gulf of California, Mazatlán, Nayarit, and Acapulco, 2006-09",0.016,3.12
Gerreidae,Eucinostomus dowii,TL,Barra de Navidad lagoon / 2002-2003,0.0066,3.25
Gerreidae,Eucinostomus dowii,TL,Bahia Magdalena-Almejas lagoon system / 2014-2015.,0.008,3.17
Gerreidae,Eucinostomus entomelas,TL,"Gulf of California, Mazatlán, Nayarit, and Acapulco, 2006-09",0.019,3.03
Gerreidae,Eucinostomus entomelas,TL,continental coast / 2012-2014,0.0088,3.1265
Gerreidae,Eucinostomus gracilis,TL,"Jalisco and Colima, 1995-96",0.0051,3.33
Gerreidae,Eucinostomus gracilis,TL,"Gulf of California, Mazatlán, Nayarit, and Acapulco, 2006-09",0.014,3.19
Gerreidae,Eucinostomus gracilis,TL,Bahia Magdalena-Almejas lagoon system / 2014-2015.,0.012,3.027
Gerreidae,Eucinostomus gracilis,TL,continental coast / 2012-2014,0.0046,3.3525
Gerreidae,Eucinostomus gula,TL,"Southeastern region (São Sebastião System), São Paulo, 1997",0.00518,3.366
Gerreidae,Eucinostomus gula,TL,"Central coast, 1993-2000",0.0124,3.015
Gerreidae,Eucinostomus gula,TL,Grand Cul-de-Sac Marin Bay (Guadelopue) and Bay of Fort-de-France (Martinique),0.0144,2.9744
Gerreidae,Eucinostomus gula,TL,"Espirito Santo (0°S - 25°S), 2003-2004",0.00623,3.303
Gerreidae,Eucinostomus gula,TL,"Paraná (0°S - 25°S), 2003-2004",0.00807,3.175
Gerreidae,Eucinostomus gula,TL,southern Bahia / 2003-2005,0.0128,2.978
Gerreidae,Eucinostomus gula,TL,southern Bahia / 2003-2005,0.0296,2.644
Gerreidae,Eucinostomus gula,TL,southern Bahia / 2003-2005,0.0115,3.026
Gerreidae,Eucinostomus gula,TL,"Gulf of Mexico, Veracruz, and Yucatán, 2006-09",0.035,2.83
Gerreidae,Eucinostomus gula,TL,"Marica, Sacuarema, Araruama coastal lagoons, South western Brazil / 2011.",0.008,3.178
Gerreidae,Eucinostomus gula,TL,"Terminos Lagoon, Campeche / 2006-2008",0.0125,3.0348
Gerreidae,Eucinostomus gula,TL,Guaratiba Mangrove / 2002-2003,0.0069,3.16
Gerreidae,Eucinostomus gula,TL,Pernambuco / 2011-2014.,0.0099,3.12
Gerreidae,Eucinostomus gula,TL,Pernambuco / 2011-2014.,0.0101,3.12
Gerreidae,Eucinostomus gula,TL,Pernambuco / 2011-2014.,0.0072,3.26
Gerreidae,Eucinostomus havana,TL,Pernambuco / 2011-2014.,0.0111,3.04
Gerreidae,Eucinostomus jonesii,TL,"Gulf of Mexico, Veracruz, and Yucatán, 2006-09",0.092,2.65
Gerreidae,Eucinostomus melanopterus,TL,Qua Iboe estuary,0.0128,2.91
Gerreidae,Eucinostomus melanopterus,TL,"Northern region (Curuçá Estuary), Pará, 2003-2004.",0.0162,2.92
Gerreidae,Eucinostomus melanopterus,TL,"Espirito Santo (0°S - 25°S), 2003-2004",0.0108,3.042
Gerreidae,Eucinostomus melanopterus,TL,"Praia dos Castelhanos, Espírito Santo, 2005-07",0.0109,3.03
Gerreidae,Eucinostomus melanopterus,TL,"Gulf of Mexico, Veracruz, and Yucatán, 2006-09",0.006,3.62
Gerreidae,Eucinostomus melanopterus,TL,Grand Cul-de-Sac Marin Bay.,0.0111,3.034
Gerreidae,Eucinostomus melanopterus,TL,Guaratiba Mangrove / 2002-2003,0.0097,2.84
Gerreidae,Eucinostomus melanopterus,TL,Couffo River/2018-2021,0.01,3.091
Gerreidae,Eucinostomus melanopterus,TL,Nokoué and Porto-Novo Lagoon / 2015-2016.,0.011,3.08
Gerreidae,Eugerres axillaris,TL,"Gulf of California, Mazatlán, Nayarit, and Acapulco, 2006-09",0.053,2.58
Gerreidae,Eugerres brasilianus,TL,"Central coast, 1993-2000",0.0309,2.686
Gerreidae,Eugerres brasilianus,TL,Grand Cul-de-Sac Marin Bay.,0.0097,3.094
Gerreidae,Eugerres lineatus,TL,"Gulf of California, Mazatlán, Nayarit, and Acapulco, 2006-09",0.061,2.71
Gerreidae,Eugerres plumieri,TL,"Gulf of Mexico, Veracruz, and Yucatán, 2006-09",0.048,2.93
Gerreidae,Eugerres plumieri,TL,Grand Cul-de-Sac Marin Bay.,0.0074,3.174
Gerreidae,Eugerres plumieri,TL,Grand Cul-de-Sac Marin Bay.,0.0129,2.999
Gerreidae,Eugerres plumieri,TL,"Terminos Lagoon, Campeche / 2006-2008",0.0113,3.0729
Carangidae,Euprepocaranx dorsalis,TL,continental coast / 2012-2014,0.0368,2.6995
Gerreidae,Gerres cinereus,TL,Grand Cul-de-Sac Marin Bay (Guadelopue) and Bay of Fort-de-France (Martinique),0.0158,2.9092
Gerreidae,Gerres cinereus,TL,"Gulf of California, Mazatlán, Nayarit, and Acapulco, 2006-09",0.029,2.82
Gerreidae,Gerres cinereus,TL,"near mouth of Rio Verde, Oaxaca / 2009-2010.",0.0282,2.74
Gerreidae,Gerres simillimus,TL,Barra de Navidad lagoon / 2002-2003,0.0098,3.07
Muraenidae,Gymnothorax ocellatus,TL,"Southeastern region (São Sebastião System), São Paulo, 1997",0.00015,3.617
Muraenidae,Gymnothorax ocellatus,TL,"Espirito Santo (0°S - 25°S), 2003-2004",0.00027,3.446
Muraenidae,Gymnothorax ocellatus,TL,"Southeastern region, 1995-1996",1.00E-04,3.69
Muraenidae,Gymnothorax panamensis,TL,"Bahía de La Paz (24°06'-24°48'N; 110°15'-110°39'W), Gulf of California, 2000-2003",0.00065,3.218
Carangidae,Gnathanodon speciosus,TL,Palawan / 1998-2014,0.359,2.14
Carangidae,Gnathanodon speciosus,TL,"Western Australia: Gascoyne Coast, 2011-2016.",0.02684,2.7756
Carangidae,Gnathanodon speciosus,TL,"Western Australia: Statewide, 2011-2016.",0.03429,2.7091
Carangidae,Gnathanodon speciosus,TL,"Western Australia: North Coast, 2011-2016.",0.04346,2.6469
Carangidae,Gnathanodon speciosus,TL,"Ras El-Kheima, Umm Al-Qwain, Ajman and Sharjah/2014",0.01985,2.8613
Gobiidae,Gnatholepis thompsoni,TL,Southern Florida,0.00351,3.766
Gobiidae,Gobioides broussonnetii,TL,"Golfão Maranhense, Brazilian Amazon littoral region / 2016.",0.0014,3.46
Gobiidae,Gobionellus microdon,TL,"Huizache-Caimanero lagoon, 1975-76",0.00508,2.938
Gobiidae,Gobionellus microdon,TL,Barra de Navidad lagoon / 2002-2003,0.0058,2.87
Gobiidae,Gobionellus oceanicus,TL,"Pará (0°S - 25°S), 2003-2004",0.00504,2.892
Gobiidae,Gobionellus oceanicus,TL,Grand Cul-de-Sac Marin Bay.,0.0082,2.679
Gobiidae,Gobionellus oceanicus,TL,"Marica, Sacuarema, Araruama coastal lagoons, South western Brazil / 2011.",0.005,2.87
Gobiidae,Gobionellus oceanicus,TL,Pernambuco / 2011-2014.,0.0061,2.87
Muraenidae,Gymnomuraena zebra,TL,Taiwan waters / 2003-2008.,5.00E-05,3.76
Muraenidae,Gymnothorax buroensis,TL,NA,0.00206,3
Muraenidae,Gymnothorax buroensis,TL,Taiwan waters / 2003-2008.,0.00095,3.24
Muraenidae,Gymnothorax buroensis,TL,Taiwan waters / 2003-2008.,0.00083,3.28
Muraenidae,Gymnothorax conspersus,TL,Rio Grande do Sul (28°-34°S),0.00035,3.254
Muraenidae,Gymnothorax equatorialis,TL,continental coast / 2012-2014,7.00E-04,3.149
Muraenidae,Gymnothorax flavimarginatus,TL,NA,4.00E-04,3.35
Muraenidae,Gymnothorax flavimarginatus,TL,Taiwan waters / 2003-2008.,0.00013,3.61
Muraenidae,Gymnothorax flavimarginatus,TL,Taiwan waters / 2003-2008.,0.00016,3.58
Muraenidae,Gymnothorax flavimarginatus,TL,Taiwan waters / 2003-2008.,0.00026,3.46
Muraenidae,Gymnothorax funebris,TL,Southern Florida,0.00409,2.856
Muraenidae,Gymnothorax funebris,TL,"Praia dos Castelhanos, Espírito Santo, 2005-07",0.00071,3.24
Muraenidae,Gymnothorax funebris,TL,Grand Cul-de-Sac Marin Bay.,2.00E-04,3.471
Muraenidae,Gymnothorax javanicus,TL,Taiwan waters / 2003-2008.,0.00071,3.19
Muraenidae,Gymnothorax maderensis,TL,"Madeira archipelago, eastern-central Atlantic, 1997, 2004-05",0.002,3
Muraenidae,Gymnothorax miliaris,TL,Southern Florida,0.0109,2.574
Muraenidae,Gymnothorax moringa,TL,Southern Florida,0.001,3.158
Muraenidae,Gymnothorax moringa,TL,"Central coast, 1993-2000",3.00E-04,3.431
Muraenidae,Gymnothorax moringa,TL,"Praia dos Castelhanos, Espírito Santo, 2005-07",0.00102,3.07
Muraenidae,Gymnothorax nigromarginatus,TL,Southern Florida,0.00332,2.839
Muraenidae,Gymnothorax pictus,TL,NA,0.00178,3
Muraenidae,Gymnothorax pictus,TL,Taiwan waters / 2003-2008.,0.00023,3.47
Muraenidae,Gymnothorax pictus,TL,Taiwan waters / 2003-2008.,0.00115,3.06
Muraenidae,Gymnothorax pictus,TL,Taiwan waters / 2003-2008.,0.00041,3.32
Labridae,Halichoeres bivittatus,TL,Southern Florida,0.0134,2.939
Labridae,Halichoeres bivittatus,TL,Grand Cul-de-Sac Marin Bay (Guadelopue) and Bay of Fort-de-France (Martinique),0.0105,3.0933
Muraenidae,Gymnothorax porphyreus,TL,2009-2010,0.00127,3.07
Muraenidae,Gymnothorax undulatus,TL,NA,0.00164,3
Muraenidae,Gymnothorax undulatus,TL,Taiwan waters / 2003-2008.,0.00129,3.08
Muraenidae,Gymnothorax vicinus,TL,Southern Florida,0.00425,2.876
Muraenidae,Gymnothorax vicinus,TL,"Praia dos Castelhanos, Espírito Santo, 2005-07",0.00055,3.24
Muraenidae,Gymnothorax vicinus,TL,Cape Verde Archipelago / 2008-2013,0.0014,3.0368
Haemulidae,Haemulon aurolineatum,TL,Southeastern coast,0.0106,3.09
Haemulidae,Haemulon aurolineatum,TL,Grand Cul-de-Sac Marin Bay (Guadelopue) and Bay of Fort-de-France (Martinique),0.0101,3.0813
Haemulidae,Haemulon bonariense,TL,Grand Cul-de-Sac Marin Bay (Guadelopue) and Bay of Fort-de-France (Martinique),0.0123,3.1091
Haemulidae,Haemulon flavolineatum,TL,Grand Cul-de-Sac Marin Bay (Guadelopue) and Bay of Fort-de-France (Martinique),0.013,3.034
Haemulidae,Haemulon maculicauda,TL,"Jalisco and Colima, 1995-96",0.0089,3.16
Haemulidae,Haemulon parra,TL,"Praia dos Castelhanos, Espírito Santo, 2005-07",0.0106,3.18
Haemulidae,Haemulon plumierii,TL,North and South Carolina,0.0152,3.02
Haemulidae,Haemulon plumierii,TL,"Central coast, 1993-2000",0.0335,2.772
Haemulidae,Haemulon plumierii,TL,Grand Cul-de-Sac Marin Bay (Guadelopue) and Bay of Fort-de-France (Martinique),0.0143,3.0502
Haemulidae,Haemulon plumierii,TL,Pernambuco / 2011-2014.,0.0167,2.98
Haemulidae,Haemulon sciurus,TL,Grand Cul-de-Sac Marin Bay (Guadelopue) and Bay of Fort-de-France (Martinique),0.0139,3.0742
Haemulidae,Haemulon steindachneri,TL,"Southeastern region (São Sebastião System), São Paulo, 1997",0.0098,3.124
Haemulidae,Haemulon steindachneri,TL,"Southeastern region, 1995-1996",0.0103,3.15
Haemulidae,Haemulopsis axillaris,TL,"Jalisco and Colima, 1995-96",0.0131,3.03
Haemulidae,Haemulopsis axillaris,TL,Bahia de Matanchen / 2013-2014,0.0127,3.034
Haemulidae,Haemulopsis axillaris,TL,Bahia Magdalena-Almejas lagoon system / 2014-2015.,0.023,2.879
Haemulidae,Haemulopsis axillaris,TL,continental coast / 2012-2014,0.0083,3.1576
Haemulidae,Haemulopsis corvinaeformis,TL,"Southeastern region (São Sebastião System), São Paulo, 1997",0.00963,3.144
Haemulidae,Haemulopsis corvinaeformis,TL,"Paraná (0°S - 25°S), 2003-2004",0.008,3.237
Haemulidae,Haemulopsis corvinaeformis,TL,"Ilha de Paciência, Maranhão, 2006-2007",0.0104,3.242
Haemulidae,Haemulopsis corvinaeformis,TL,"Southeastern region, 1995-1996",0.0139,2.99
Haemulidae,Haemulopsis corvinaeformis,TL,southern Bahia / 2003-2005,0.0199,2.777
Haemulidae,Haemulopsis corvinaeformis,TL,Parana´ state coast / 2004 - 2005,0.00591,3.14
Haemulidae,Haemulopsis corvinaeformis,TL,Southeastern coast / 2004-2006.,0.00855,3.194
Haemulidae,Haemulopsis corvinaeformis,TL,Southeastern coast / 2004-2006.,0.02348,2.81
Haemulidae,Haemulopsis corvinaeformis,TL,Southeastern coast / 2004-2006.,0.00951,3.152
Haemulidae,Haemulopsis corvinaeformis,TL,Southeastern coast / 2004-2006.,0.01006,3.137
Haemulidae,Haemulopsis corvinaeformis,TL,Ubatuba-Enseada Bay / 2003-2004,0.009,3.173
Haemulidae,Haemulopsis corvinaeformis,TL,Pernambuco / 2011-2014.,0.0106,3.09
Haemulidae,Haemulopsis corvinaeformis,TL,Pernambuco / 2011-2014.,0.0108,3.09
Haemulidae,Haemulopsis corvinaeformis,TL,Pernambuco / 2011-2014.,0.0093,3.15
Haemulidae,Haemulopsis elongatus,TL,Baja California Sur / 2004 - 2006,0.048,2.737
Haemulidae,Haemulopsis elongatus,TL,"near mouth of Rio Verde, Oaxaca / 2009-2010.",0.012,2.99
Haemulidae,Haemulopsis leuciscus,TL,NA,0.0164,3
Haemulidae,Haemulopsis leuciscus,TL,"near mouth of Rio Verde, Oaxaca / 2009-2010.",0.0061,3.21
Labridae,Halichoeres garnoti,TL,Southern Florida,0.00519,3.375
Labridae,Halichoeres maculipinna,TL,Southern Florida,0.00276,3.693
Labridae,Halichoeres poeyi,TL,Grand Cul-de-Sac Marin Bay (Guadelopue) and Bay of Fort-de-France (Martinique),0.0095,3.1311
Labridae,Halichoeres poeyi,TL,"Praia dos Castelhanos, Espírito Santo, 2005-07",0.00928,3.07
Labridae,Halichoeres radiatus,TL,Southern Florida,0.0131,3.038
Dorosomatidae,Harengula clupeola,TL,"Southeastern region (São Sebastião System), São Paulo, 1997",0.00689,3.181
Dorosomatidae,Harengula clupeola,TL,Grand Cul-de-Sac Marin Bay (Guadelopue) and Bay of Fort-de-France (Martinique),0.0055,3.3177
Dorosomatidae,Harengula clupeola,TL,"Southeastern region, 1995-1996",0.0054,3.24
Dorosomatidae,Harengula clupeola,TL,Parana´ state coast / 2004 - 2005,0.00473,3.2
Dorosomatidae,Harengula clupeola,TL,Grand Cul-de-Sac Marin Bay.,0.0011,3.851
Dorosomatidae,Harengula clupeola,TL,Southeastern coast / 2004-2006.,0.00977,3.035
Dorosomatidae,Harengula clupeola,TL,Southeastern coast / 2004-2006.,0.0143,2.895
Dorosomatidae,Harengula clupeola,TL,Guaratiba Mangrove / 2002-2003,0.0049,3.24
Dorosomatidae,Harengula clupeola,TL,Itaipu/2001-2004,0.007,3.22
Dorosomatidae,Harengula humeralis,TL,Grand Cul-de-Sac Marin Bay (Guadelopue) and Bay of Fort-de-France (Martinique),0.0094,3.006
Carangidae,Hemicaranx leucurus,TL,"Gulf of California (Southern Sinaloa and Nayarit), 2005-2007",0.017,2.759
Carangidae,Hemicaranx leucurus,TL,"near mouth of Rio Verde, Oaxaca / 2009-2010.",0.0268,2.72
Carangidae,Hemicaranx zelotes,TL,continental coast / 2012-2014,0.0086,2.9988
Hemiramphidae,Hemiramphus brasiliensis,TL,Southern Florida,0.105,2.356
Hemiramphidae,Hemiramphus brasiliensis,TL,Grand Cul-de-Sac Marin Bay (Guadelopue) and Bay of Fort-de-France (Martinique),0.0017,3.1717
Hemiramphidae,Hemiramphus saltator,TL,continental coast / 2012-2014,0.0226,2.4046
Priacanthidae,Heteropriacanthus cruentatus,TL,2009-2013,0.026,2.84
Priacanthidae,Heteropriacanthus cruentatus,TL,Bay of Bengal and Andaman waters / 2010.,0.0145,2.93
Pomacanthidae,Holacanthus bermudensis,TL,Southern Florida,0.0319,2.899
Pomacanthidae,Holacanthus ciliaris,TL,Southern Florida,0.0336,2.9
Pomacanthidae,Holacanthus passer,TL,"Bahía de La Paz (24°06'-24°48'N; 110°15'-110°39'W), Gulf of California, 2000-2003",0.0271,3.084
Pomacanthidae,Holacanthus passer,TL,National Park Loreto Bay / 2009-2009,0.108,2.618
Pomacanthidae,Holacanthus tricolor,TL,Southern Florida,0.0428,2.858
Pomacanthidae,Holacanthus tricolor,TL,Southwestern EEZ of Brazil.,0.0203,3.126
Lutjanidae,Hoplopagrus guentherii,TL,NA,0.0228,3
Serranidae,Hypoplectrus puella,TL,Southwest Zone,0.009,3.04
Hemiramphidae,Hyporhamphus roberti,TL,"Northern region (Curuçá Estuary), Pará, 2003-2004",6.00E-04,3.54
Hemiramphidae,Hyporhamphus unifasciatus,TL,Grand Cul-de-Sac Marin Bay (Guadelopue) and Bay of Fort-de-France (Martinique),0.0012,3.2616
Hemiramphidae,Hyporhamphus unifasciatus,TL,"Marica, Sacuarema, Araruama coastal lagoons, South western Brazil / 2011.",0.001,3.23
Blenniidae,Hypsoblennius sordidus,TL,Northern and central coast of Chile/ 2004-2005; 2012-2013.,0.0339,2.541
Sciaenidae,Isopisthus parvipinnis,TL,"Southeastern region (São Sebastião System), São Paulo, 1997",0.00814,3.056
Sciaenidae,Isopisthus parvipinnis,TL,"Ilhéus, Bahia, 2003-2005",0.0145,2.86
Sciaenidae,Isopisthus parvipinnis,TL,"Southeastern region, 1995-1996",0.0071,3.1
Sciaenidae,Isopisthus parvipinnis,TL,Parana´ state coast / 2004 - 2005,0.00496,3.13
Sciaenidae,Isopisthus parvipinnis,TL,Southeastern coast / 2004-2006.,0.00994,2.984
Sciaenidae,Isopisthus parvipinnis,TL,Southeastern coast / 2004-2006.,0.01579,2.797
Sciaenidae,Isopisthus parvipinnis,TL,Southeastern coast / 2004-2006.,0.00858,3.02
Sciaenidae,Isopisthus parvipinnis,TL,Southeastern coast / 2004-2006.,0.00987,2.973
Sciaenidae,Isopisthus parvipinnis,TL,Ubatuba-Enseada Bay / 2003-2004,0.005,3.236
Sciaenidae,Isopisthus parvipinnis,TL,Sergipe / 2015-2016.,0.0063,3.078
Sciaenidae,Isopisthus parvipinnis,TL,Pernambuco / 2011-2014.,0.0047,3.26
Sciaenidae,Isopisthus parvipinnis,TL,Pernambuco / 2011-2014.,0.0052,3.22
Sciaenidae,Isopisthus parvipinnis,TL,Pernambuco / 2011-2014.,0.0056,3.18
Sciaenidae,Isopisthus parvipinnis,TL,Northeastern Brazilian coast / 2013-2014.,0.005,3.1617
Chaetodontidae,Johnrandallia nigrirostris,TL,"Gulf of California (Southern Sinaloa and Nayarit), 2005-2007",0.021,3.215
Mugilidae,Joturus pichardi,TL,NA,0.0158,3
Labrisomidae,Labrisomus nuchipinnis,TL,"Praia dos Castelhanos, Espírito Santo, 2005-07",0.0084,3.2
Labridae,Lachnolaimus maximus,TL,"Campeche Bank, Yucatan / 2017-2018.",0.1401,2.43
Sciaenidae,Larimus acclivis,TL,Bahia de Matanchen / 2013-2014,0.0039,3.388
Sciaenidae,Larimus acclivis,TL,continental coast / 2012-2014,0.0033,3.4294
Sciaenidae,Larimus argenteus,TL,continental coast / 2012-2014,0.0088,3.0678
Sciaenidae,Larimus breviceps,TL,"Southeastern region (São Sebastião System), São Paulo, 1997",0.00554,3.312
Sciaenidae,Larimus breviceps,TL,"Espirito Santo (0°S - 25°S), 2003-2004",0.00783,3.09
Sciaenidae,Larimus breviceps,TL,"Southeastern region, 1995-1996",0.0093,3.1
Sciaenidae,Larimus breviceps,TL,southern Bahia / 2003-2005,0.0104,3.029
Sciaenidae,Larimus breviceps,TL,Southeastern coast / 2004-2006.,0.00831,3.167
Sciaenidae,Larimus breviceps,TL,Southeastern coast / 2004-2006.,0.00657,3.256
Sciaenidae,Larimus breviceps,TL,Southeastern coast / 2004-2006.,0.00563,3.318
Sciaenidae,Larimus breviceps,TL,Southeastern coast / 2004-2006.,0.00742,3.206
Sciaenidae,Larimus breviceps,TL,Ubatuba-Enseada Bay / 2003-2004,0.004,3.201
Sciaenidae,Larimus breviceps,TL,Pernambuco / 2011-2014.,0.0068,3.19
Sciaenidae,Larimus breviceps,TL,Pernambuco / 2011-2014.,0.0071,3.18
Sciaenidae,Larimus breviceps,TL,Pernambuco / 2011-2014.,0.0075,3.16
Sciaenidae,Larimus effulgens,TL,Bahia de Matanchen / 2013-2014,0.0082,3.084
Sciaenidae,Larimus effulgens,TL,continental coast / 2012-2014,0.0023,3.4599
Ophidiidae,Lepophidium microlepis,TL,Baja California Sur / 2004 - 2006,0.002,3.17
Ophidiidae,Lepophidium pardale,TL,Baja California Sur / 2004 - 2006,0.001,3.482
Ophidiidae,Lepophidium prorates,TL,"Gulf of California (Southern Sinaloa and Nayarit), 2005-2007",0.003,3.045
Dorosomatidae,Lile piquitinga,TL,Piraque-acu and Piraque-mirim rivers / 2008-2009.,0.0044,3.35
Dorosomatidae,Lile stolifera,TL,continental coast / 2012-2014,0.0035,3.3729
Opistognathidae,Lonchopisthus lemur,TL,Caribbean Sea / 1999,0.03187,2.41
Lutjanidae,Lutjanus analis,TL,"Florida east coast, 1992-2000",0.0113,3.05
Lutjanidae,Lutjanus analis,TL,"Espirito Santo (0°S - 25°S), 2003-2004",0.0163,2.944
Lutjanidae,Lutjanus analis,TL,Pernambuco / 2011-2014.,0.0122,3.07
Lutjanidae,Lutjanus apodus,TL,Grand Cul-de-Sac Marin Bay (Guadelopue) and Bay of Fort-de-France (Martinique),0.0211,2.9261
Lutjanidae,Lutjanus apodus,TL,east coast Florida/1981-2015,0.01192,3.11
Lutjanidae,Lutjanus aratus,TL,NA,0.0126,3
Lutjanidae,Lutjanus argentiventris,TL,NA,0.01734,3
Lutjanidae,Lutjanus argentiventris,TL,Gulf of Montijo / 2003-2004,0.018,2.868
Lutjanidae,Lutjanus argentiventris,TL,Gulf of Montijo / 2003-2004,0.01,3.051
Lutjanidae,Lutjanus argentiventris,TL,Gulf of Montijo / 2003-2004,0.012,3.068
Lutjanidae,Lutjanus argentiventris,TL,Barra de Navidad lagoon / 2002-2003,0.015,3.02
Lutjanidae,Lutjanus argentiventris,TL,"near mouth of Rio Verde, Oaxaca / 2009-2010.",0.0177,2.96
Lutjanidae,Lutjanus colorado,TL,NA,0.01517,3
Lutjanidae,Lutjanus colorado,TL,Barra de Navidad lagoon / 2002-2003,0.0159,2.98
Lutjanidae,Lutjanus colorado,TL,"near mouth of Rio Verde, Oaxaca / 2009-2010.",0.0163,2.96
Lutjanidae,Lutjanus cyanopterus,TL,"southeastern US coast, 1972-2015",0.00708,3.16
Lutjanidae,Lutjanus griseus,TL,Florida,0.0195,2.91
Lutjanidae,Lutjanus griseus,TL,"South Florida, 1982-97",0.00769,3.15
Lutjanidae,Lutjanus griseus,TL,"North Florida, 1982-97",0.01009,3.08
Lutjanidae,Lutjanus griseus,TL,Grand Cul-de-Sac Marin Bay (Guadelopue) and Bay of Fort-de-France (Martinique),0.0202,2.8928
Lutjanidae,Lutjanus griseus,TL,Livingston and Puerto Barrios/2006-2007,0.01179,3.04
Lutjanidae,Lutjanus guttatus,TL,NA,0.0143,3
Lutjanidae,Lutjanus guttatus,TL,"Gulf of California (Southern Sinaloa and Nayarit), 2005-2007",0.018,2.895
Lutjanidae,Lutjanus guttatus,TL,"Pacific coast, 2012-2013",0.017,2.9
Lutjanidae,Lutjanus guttatus,TL,"near mouth of Rio Verde, Oaxaca / 2009-2010.",0.0411,2.68
Lutjanidae,Lutjanus jocu,TL,"Northern region (Curuçá Estuary), Pará, 2003-2004.",0.0198,2.96
Lutjanidae,Lutjanus jocu,TL,"Espírito Santo (0°S - 25°S), 2003-2004",0.0158,2.998
Lutjanidae,Lutjanus jocu,TL,"Ilha de Paciência, Maranhão, 2006-2007",0.0071,3.373
Lutjanidae,Lutjanus jocu,TL,"off North Carolina through Key West, Florida, 1979-2015",0.014,3.03
Lutjanidae,Lutjanus jocu,TL,Pernambuco / 2011-2014.,0.0156,3
Lutjanidae,Lutjanus mahogoni,TL,"south Florida, 1979-2015",0.00763,3.15
Lutjanidae,Lutjanus novemfasciatus,TL,NA,0.01452,3
Lutjanidae,Lutjanus novemfasciatus,TL,Barra de Navidad lagoon / 2002-2003,0.015,2.98
Lutjanidae,Lutjanus novemfasciatus,TL,"near mouth of Rio Verde, Oaxaca / 2009-2010.",0.017,2.93
Lutjanidae,Lutjanus peru,TL,NA,0.0142,3
Lutjanidae,Lutjanus purpureus,TL,"1990-91, 54-150 m",0.0141,2.99
Lutjanidae,Lutjanus purpureus,TL,"Central coast, 1993-2000",0.0072,3.143
Lutjanidae,Lutjanus purpureus,TL,"Northeastern region, Ceará",0.0117,2.99
Lutjanidae,Lutjanus synagris,TL,"Central coast, 1993-2000",0.0113,3.031
Lutjanidae,Lutjanus synagris,TL,Grand Cul-de-Sac Marin Bay (Guadelopue) and Bay of Fort-de-France (Martinique),0.0159,2.9561
Lutjanidae,Lutjanus synagris,TL,"Espirito Santo (0°S - 25°S), 2003-2004",0.0149,2.994
Lutjanidae,Lutjanus synagris,TL,"Southeastern region, 1995-1996",0.0203,2.87
Lutjanidae,Lutjanus synagris,TL,"Caribbean coast, 2012-2013",0.014,2.97
Lutjanidae,Lutjanus synagris,TL,Pernambuco / 2011-2014.,0.0125,3.08
Lutjanidae,Lutjanus synagris,TL,Itamaracá Island/2004-2010,0.02187,2.82546
Lutjanidae,Lutjanus synagris,TL,Maranhão/2018-2019,0.1813,2.1976
Lutjanidae,Lutjanus synagris,TL,Maranhão/2018-2019,0.25451,2.1112
Lutjanidae,Lutjanus vivanus,TL,"Central coast, 1993-2000",0.0169,2.948
Engraulidae,Lycengraulis grossidens,TL,Rio Grande do Sul (28°-34°S),0.00255,3.358
Engraulidae,Lycengraulis grossidens,TL,"Pará, Northern region (Curuçá Estuary), 2003-2004.",0.0081,2.97
Engraulidae,Lycengraulis grossidens,TL,"Pará (0°S - 25°S), 2003-2004",0.00731,2.966
Engraulidae,Lycengraulis grossidens,TL,"Rio Grande do Sul, 2003-2005",0.00488,3.34839
Engraulidae,Lycengraulis grossidens,TL,"Rio Grande do Sul, 2003-2005",0.00741,3.18228
Engraulidae,Lycengraulis grossidens,TL,"Rio Grande do Sul, 2003-2005",0.00663,3.24636
Engraulidae,Lycengraulis grossidens,TL,"Rio Grande do Sul, 2003-2005",0.00883,3.11806
Engraulidae,Lycengraulis grossidens,TL,"Rio Grande do Sul, 2003-2005",0.00752,3.1399
Engraulidae,Lycengraulis grossidens,TL,"Rio Grande do Sul, 2003-2005",0.00863,3.12752
Engraulidae,Lycengraulis grossidens,TL,Delta State Park Jacui / 2008-2009,0.0095,2.81
Engraulidae,Lycengraulis grossidens,TL,Piraque-acu and Piraque-mirim rivers / 2008-2009.,0.0038,3.27
Engraulidae,Lycengraulis grossidens,TL,Pernambuco / 2011-2014.,0.0036,3.29
Engraulidae,Lycengraulis grossidens,TL,Pernambuco / 2011-2014.,0.006,3.08
Engraulidae,Lycengraulis grossidens,TL,Pernambuco / 2011-2014.,0.0042,3.22
Gobiidae,Lythrypnus dalli,TL,"Bahía de La Paz (24°06'-24°48'N; 110°15'-110°39'W), Gulf of California, 2000-2003",0.00992,2.973
Gobiidae,Lythrypnus spilus,TL,Southern Florida,0.012,2.744
Sciaenidae,Macrodon ancylodon,TL,31°S,0.00272,3.35
Sciaenidae,Macrodon ancylodon,TL,Rio Grande do Sul (28°-34°S),0.00327,3.302
Sciaenidae,Macrodon ancylodon,TL,"Southeastern region (São Sebastião System), São Paulo, 1997",0.00396,3.22
Sciaenidae,Macrodon ancylodon,TL,southern region,0.00324,3.27
Sciaenidae,Macrodon ancylodon,TL,"Pará (0°S - 25°S), 2003-2004",0.00148,3.536
Sciaenidae,Macrodon ancylodon,TL,"Southern region, 1990-1993",0.00315,3.317
Sciaenidae,Macrodon ancylodon,TL,Rio Grande do Sul,0.00187,3.46
Sciaenidae,Macrodon ancylodon,TL,Rio Grande do Sul,0.00198,3.44
Sciaenidae,Macrodon ancylodon,TL,"Ilha de Paciência, Maranhão, 2006-2007",0.0252,2.737
Sciaenidae,Macrodon ancylodon,TL,southern Bahia / 2003-2005,0.0691,3.424
Sciaenidae,Macrodon ancylodon,TL,Parana´ state coast / 2004 - 2005,0.00436,3.12
Sciaenidae,Macrodon ancylodon,TL,Southeastern coast / 2004-2006.,0.00901,2.978
Sciaenidae,Macrodon ancylodon,TL,Southeastern coast / 2004-2006.,0.00555,3.128
Sciaenidae,Macrodon ancylodon,TL,Southeastern coast / 2004-2006.,0.0036,3.251
Sciaenidae,Macrodon ancylodon,TL,Southeastern coast / 2004-2006.,0.01316,2.887
Sciaenidae,Macrodon ancylodon,TL,Ubatuba-Enseada Bay / 2003-2004,0.011,2.915
Sciaenidae,Macrodon ancylodon,TL,Pando tidal creek estuary / 2002-2003,0.01525,2.86
Sciaenidae,Macrodon ancylodon,TL,Pernambuco / 2011-2014.,0.0074,3.01
Sciaenidae,Macrodon ancylodon,TL,Pernambuco / 2011-2014.,0.006,3.06
Sciaenidae,Macrodon ancylodon,TL,Pernambuco / 2011-2014.,0.0056,3.08
Sciaenidae,Macrodon mordax,TL,continental coast / 2012-2014,4.00E-04,3.8938
Labrisomidae,Malacoctenus delalandii,TL,"Praia dos Castelhanos, Espírito Santo, 2005-07",0.0122,2.95
Labrisomidae,Malacoctenus macropus,TL,Southern Florida,0.0245,2.223
Labrisomidae,Malacoctenus macropus,TL,Southwest Zone,0.0179,2.72
Labrisomidae,Malacoctenus triangulatus,TL,Southern Florida,0.00891,3
Sciaenidae,Menticirrhus elongatus,TL,Central coast / 2012-2018.,0.005,3.178
Sciaenidae,Menticirrhus elongatus,TL,continental coast / 2012-2014,0.0088,2.9986
Sciaenidae,Menticirrhus nasus,TL,"near mouth of Rio Verde, Oaxaca / 2009-2010.",0.0177,2.89
Sciaenidae,Menticirrhus ophicephalus,TL,Central coast / 2012-2018.,0.013,2.936
Sciaenidae,Menticirrhus ophicephalus,TL,Central coast / 2012-2018.,0.011,2.993
Sciaenidae,Menticirrhus ophicephalus,TL,Central coast / 2012-2018.,0.01,3.035
Sciaenidae,Menticirrhus panamensis,TL,continental coast / 2012-2014,0.0027,3.4204
Gobiidae,Microgobius meeki,TL,"Marica, Sacuarema, Araruama coastal lagoons, South western Brazil / 2011.",0.005,2.937
Sciaenidae,Micropogonias furnieri,TL,Cabo Frio (23 - 29°S),0.0103,3
Sciaenidae,Micropogonias furnieri,TL,1977-82,0.03,2.64
Sciaenidae,Micropogonias furnieri,TL,Rio Grande do Sul (28°-34°S),0.01143,2.996
Sciaenidae,Micropogonias furnieri,TL,"Southeastern region (São Sebastião System), Rio Grande do Sul, 1997",0.00581,3.184
Sciaenidae,Micropogonias furnieri,TL,"southeastern stock, 2001-2003",0.0121,2.966
Sciaenidae,Micropogonias furnieri,TL,"southeastern stock, 2001-2003",0.01303,2.939
Sciaenidae,Micropogonias furnieri,TL,southern stock,0.00948,2.92
Sciaenidae,Micropogonias furnieri,TL,"Paraná (0°S - 25°S), 2003-2004",0.00674,3.177
Sciaenidae,Micropogonias furnieri,TL,Maranhão,0.0087,3.0578
Sciaenidae,Micropogonias furnieri,TL,"Ilha de Paciência, Maranhão, 2006-2007",0.1389,2.25
Sciaenidae,Micropogonias furnieri,TL,"Southeastern region, 1995-1996",0.0083,3.05
Sciaenidae,Micropogonias furnieri,TL,Parana´ state coast / 2004 - 2005,0.00457,3.18
Sciaenidae,Micropogonias furnieri,TL,Punta del Diablo / 2006-2010.,0.006,3.152
Sciaenidae,Micropogonias furnieri,TL,"Marica, Sacuarema, Araruama coastal lagoons, South western Brazil / 2011.",0.008,2.934
Sciaenidae,Micropogonias furnieri,TL,Southeastern coast / 2004-2006.,0.01059,3.003
Sciaenidae,Micropogonias furnieri,TL,Southeastern coast / 2004-2006.,0.0069,3.141
Sciaenidae,Micropogonias furnieri,TL,Southeastern coast / 2004-2006.,0.00688,3.109
Sciaenidae,Micropogonias furnieri,TL,Southeastern coast / 2004-2006.,0.00755,3.118
Sciaenidae,Micropogonias furnieri,TL,Southeastern coast / 2004-2006.,0.00845,3.063
Sciaenidae,Micropogonias furnieri,TL,Pando tidal creek estuary / 2002-2003,0.00741,3.07
Sciaenidae,Micropogonias furnieri,TL,Pernambuco / 2011-2014.,0.0205,2.8
Sciaenidae,Micropogonias furnieri,TL,Pernambuco / 2011-2014.,0.0156,2.86
Mugilidae,Mugil cephalus,TL,"Moray Firth, Buchan, & West coast of Scotland",0.0148,2.903
Mugilidae,Mugil cephalus,TL,"Mediterranean coast, 1959-61",0.0104,2.964
Mugilidae,Mugil cephalus,TL,NA,0.00935,3.02
Mugilidae,Mugil cephalus,TL,Cross River estuary,0.011,2.943
Mugilidae,Mugil cephalus,TL,"Eastern Adriatic, 1991-94",0.00916,3.136
Mugilidae,Mugil cephalus,TL,Tamiahua (Veracruz),0.0213,2.75
Mugilidae,Mugil cephalus,TL,"Lake Albufera, 2000 (summer )",0.017,2.9
Mugilidae,Mugil cephalus,TL,"Rihios estuary, NW Aegean, 1997-99",0.0095,3.178
Mugilidae,Mugil cephalus,TL,"Strymon estuary, NW Aegean, 1997-99",0.0128,2.779
Mugilidae,Mugil cephalus,TL,"Mar Menor lagoon, 2002-2004",0.00661,3.357
Mugilidae,Mugil cephalus,TL,"River Neretva estuary, middle Adriatic, 2000-2004",0.0077,3.125
Mugilidae,Mugil cephalus,TL,"River Neretva estuary, middle Adriatic, 2000-2004",0.0039,3.232
Mugilidae,Mugil cephalus,TL,"River Mirna estuary, northern Adriatic, 2000-2004",0.0049,3.171
Mugilidae,Mugil cephalus,TL,"Ologe Lagoon, 3° 2'E to 3° 7'E; 6°27'N to 6°30'N, 2007",0.015,2.823
Mugilidae,Mugil cephalus,TL,Strymon River / 2008.,0.01,2.94
Mugilidae,Mugil cephalus,TL,Northern and central coast of Chile/ 2004-2005; 2012-2013.,0.0432,2.629
Mugilidae,Mugil cephalus,TL,Homa lagoon / 2009-2010.,0.019,2.82
Mugilidae,Mugil cephalus,TL,Korinthiakos Gulf / 2008-2009,0.0047,3.165
Mugilidae,Mugil cephalus,TL,"Indus delta, northern Arabian Sea / 1999-2001.",0.0105,3.014
Mugilidae,Mugil cephalus,TL,"Indus delta, northern Arabian Sea / 1999-2001.",0.0132,2.929
Mugilidae,Mugil cephalus,TL,"Pagatban River, Negros Oriental (Jan-Dec 2011)",0.407,1.74
Mugilidae,Mugil cephalus,TL,"Mono Basin (Benin and Togo, West Africa) / 2011-2014.",0.01,3.015
Mugilidae,Mugil cephalus,TL,Doñana marshlands / 2003-2005.,0.01,3.1
Mugilidae,Mugil cephalus,TL,"near mouth of Rio Verde, Oaxaca / 2009-2010.",0.0247,2.72
Mugilidae,Mugil cephalus,TL,"Narreri Lagoon, Badin, Sindh / 2014-2015.",0.014,2.931
Mugilidae,Mugil cephalus,TL,Chilika Lake / 2010-2011,0.01185,2.96
Mugilidae,Mugil cephalus,TL,Paita / 1987.,0.00559,3.16598
Mugilidae,Mugil cephalus,TL,Pisco / 1990.,0.01233,3.005
Mugilidae,Mugil cephalus,TL,Ilo / 1991.,0.01297,2.90767
Mugilidae,Mugil cephalus,TL,Pico / 1981.,0.01637,2.8814
Mugilidae,Mugil cephalus,TL,Callao / 1980.,0.01712,2.8904
Mugilidae,Mugil cephalus,TL,Pisco / 1979.,0.01721,2.9142
Mugilidae,Mugil cephalus,TL,Paita / 1981.,0.01935,2.85031
Mugilidae,Mugil cephalus,TL,Pisco / 1982.,0.02018,2.832
Mugilidae,Mugil cephalus,TL,Callao / 1981.,0.02056,2.85906
Mugilidae,Mugil cephalus,TL,Paita / 1979.,0.02337,2.75956
Mugilidae,Mugil cephalus,TL,Pisco / 1980.,0.02432,2.7968
Mugilidae,Mugil cephalus,TL,Paita / 1980.,0.03189,2.70472
Mugilidae,Mugil cephalus,TL,Ilo / 1992.,0.0387,2.60511
Mugilidae,Mugil cephalus,TL,Callao / 1979.,0.05311,2.5382
Mugilidae,Mugil cephalus,TL,Paita / 1987.,0.00453,3.22042
Mugilidae,Mugil cephalus,TL,Ilo / 1991.,0.00524,3.18179
Mugilidae,Mugil cephalus,TL,Pisco / 1981.,0.00982,3.014
Mugilidae,Mugil cephalus,TL,Callao / 1980.,0.01208,2.9515
Mugilidae,Mugil cephalus,TL,Pisco / 1982.,0.0152,2.9011
Mugilidae,Mugil cephalus,TL,Pico / 1990.,0.01528,2.9038
Mugilidae,Mugil cephalus,TL,Callao / 1979.,0.0181,2.83205
Mugilidae,Mugil cephalus,TL,Callao / 1981.,0.02103,2.80915
Mugilidae,Mugil cephalus,TL,Pisco / 1980.,0.02441,2.7666
Mugilidae,Mugil cephalus,TL,Paita / 1980.,0.02889,2.72469
Mugilidae,Mugil cephalus,TL,Pisco / 1979.,0.03104,2.7141
Mugilidae,Mugil cephalus,TL,Paita / 1981.,0.04453,2.59175
Mugilidae,Mugil cephalus,TL,Ilo / 1992.,0.04722,2.53692
Mugilidae,Mugil cephalus,TL,Paita / 1979.,0.11639,2.33735
Mugilidae,Mugil cephalus,TL,Pico / 1985.,0.02786,2.7435
Mugilidae,Mugil cephalus,TL,Callao / 1990.,0.00878,3.0653
Mugilidae,Mugil cephalus,TL,Callao / 1985.,0.05988,2.58261
Mugilidae,Mugil cephalus,TL,"GFCM GSA 26; off the coast of Egypt / 2008-2010, 2017-2018.",0.0098,2.979
Mugilidae,Mugil cephalus,TL,Nokoué and Porto-Novo Lagoon / 2015-2016.,0.01,2.958
Mugilidae,Mugil curema,TL,Qua Iboe estuary,0.0228,2.638
Mugilidae,Mugil curema,TL,"Central coast, 1993-2000",0.0108,2.969
Mugilidae,Mugil curema,TL,"Northern region (Curuçá Estuary), Pará, 2003-2004.",0.019,2.8
Mugilidae,Mugil curema,TL,"Ilha de Paciência, Maranhão, 2006-2007",0.0186,2.853
Mugilidae,Mugil curema,TL,Grand Cul-de-Sac Marin Bay.,0.0108,2.968
Mugilidae,Mugil curema,TL,Barra de Navidad lagoon / 2002-2003,0.0113,2.95
Mugilidae,Mugil curema,TL,"Marica, Sacuarema, Araruama coastal lagoons, South western Brazil / 2011.",0.012,2.919
Mugilidae,Mugil curema,TL,Juturnaiba Reservoir / 2006-2007,0.0091,3
Mugilidae,Mugil curema,TL,"Terminos Lagoon, Campeche / 2006-2008",0.0068,3.1771
Mugilidae,Mugil curema,TL,Guaratiba Mangrove / 2002-2003,0.0122,2.84
Mugilidae,Mugil curema,TL,"near mouth of Rio Verde, Oaxaca / 2009-2010.",0.0166,2.82
Mugilidae,Mugil curema,TL,Pernambuco / 2011-2014.,0.0143,2.9
Mugilidae,Mugil curema,TL,Pernambuco / 2011-2014.,0.0182,2.82
Mugilidae,Mugil curema,TL,Pernambuco / 2011-2014.,0.0108,2.98
Mugilidae,Mugil hospes,TL,Barra de Navidad lagoon / 2002-2003,0.0195,2.75
Mugilidae,Mugil incilis,TL,"Northern region (Curuçá Estuary), Pará, 2003-2004.",0.0151,2.87
Mugilidae,Mugil incilis,TL,"Caribbean coast, 2012-2013",0.013,2.892
Mugilidae,Mugil liza,TL,Rio Grande do Sul (28°-34°S),0.0111,2.96267
Mugilidae,Mugil liza,TL,"Central coast, 1993-2000",0.0078,3.032
Mugilidae,Mugil liza,TL,"Southern region (Lagoa dos Patos estuary), Rio Grande do Sul",0.01519,2.8804
Mugilidae,Mugil liza,TL,"Southern region (Lagoa dos Patos estuary), Rio Grande do Sul",0.01597,2.9022
Mugilidae,Mugil liza,TL,southern North Sea,0.00408,3.31
Mugilidae,Mugil liza,TL,southern North Sea,0.00546,3.26
Mugilidae,Mugil liza,TL,Guandu River / 2010-2011,0.0033,3.24
Mugilidae,Mugil liza,TL,Guaratiba Mangrove / 2002-2003,0.0079,3.05
Mugilidae,Mugil liza,TL,Guaratiba Mangrove / 2002-2003,0.0097,2.99
Mugilidae,Mugil liza,TL,Pando tidal creek estuary / 2002-2003,0.01567,2.85
Mugilidae,Mugil liza,TL,Pernambuco / 2011-2014.,0.0105,2.99
Mugilidae,Mugil rubrioculus,TL,"Northern region (Curuçá Estuary), Pará, 2003-2004.",0.0138,2.9
Mugilidae,Mugil rubrioculus,TL,"Marapanim River, Para State / 2006-2007.",0.005,3.529
Mugilidae,Mugil rubrioculus,TL,Guaratiba Mangrove / 2002-2003 [Rio de Janeiro],0.0081,2.96
Mugilidae,Mugil rubrioculus,TL,"Algoas / 2009-2010, 2013-2014.",0.0183,2.82
Mullidae,Mulloidichthys martinicus,TL,Cape Verde Archipelago / 2008-2013,0.01,3.0726
Mullidae,Mulloidichthys vanicolensis,TL,"lagoon, 1988",0.0145,2.905
Mullidae,Mulloidichthys vanicolensis,TL,"lagoon, 1988",0.0099,3.015
Mullidae,Mulloidichthys vanicolensis,TL,Palawan / 1998-2014,0.058,2.51
Mullidae,Mulloidichthys vanicolensis,TL,"Hurghada fishing area, Red Sea / 2016.",0.0029,3.4244
Sciaenidae,Nebris occidentalis,TL,continental coast / 2012-2014,0.0028,3.3784
Pomacentridae,Nexilosus latifrons,TL,Northern and central coast of Chile/ 2004-2005; 2012-2013.,0.0075,3.35
Lutjanidae,Ocyurus chrysurus,TL,"Central coast, 1993-2000",0.0235,2.74
Lutjanidae,Ocyurus chrysurus,TL,Grand Cul-de-Sac Marin Bay (Guadelopue) and Bay of Fort-de-France (Martinique),0.0185,2.8015
Lutjanidae,Ocyurus chrysurus,TL,"Piedade Beach, Pernambuco, 1982-1983",0.0284,2.687
Lutjanidae,Ocyurus chrysurus,TL,"Campeche Bank, Yucatan / 2017-2018.",0.0354,2.7823
Sciaenidae,Odontoscion dentex,TL,Southern Florida,0.0105,3.007
Carangidae,Oligoplites altus,TL,NA,0.0095,3
Carangidae,Oligoplites altus,TL,Barra de Navidad lagoon / 2002-2003,0.0058,3.08
Carangidae,Oligoplites altus,TL,"near mouth of Rio Verde, Oaxaca / 2009-2010.",0.0063,3.1
Carangidae,Oligoplites palometa,TL,"Ilha de Paciência, Maranhão, 2006-2007",0.0201,2.715
Carangidae,Oligoplites refulgens,TL,Barra de Navidad lagoon / 2002-2003,0.0053,3.03
Carangidae,Oligoplites refulgens,TL,continental coast / 2012-2014,0.0046,3.0602
Carangidae,Oligoplites saliens,TL,Parana´ state coast / 2004 - 2005,0.0069,2.9
Carangidae,Oligoplites saliens,TL,"Macaé	 River, 	Rio	de	 Janeiro	 State / 2011-2012.",0.00301,3.19
Carangidae,Oligoplites saliens,TL,Amazon coast of the state of Maranhão / 2018-2019,0.016,2.93
Blenniidae,Ophioblennius macclurei,TL,Southern Florida,0.0324,2.379
Blenniidae,Ophioblennius steindachneri,TL,"Bahía de La Paz (24°06'-24°48'N; 110°15'-110°39'W), Gulf of California, 2000-2003",0.0115,2.933
Dorosomatidae,Opisthonema libertate,TL,"Gulf of California (Southern Sinaloa and Nayarit), 2005-2007",0.007,3.039
Dorosomatidae,Opisthonema libertate,TL,continental coast / 2012-2014,0.0067,3.1103
Dorosomatidae,Opisthonema medirastre,TL,continental coast / 2012-2014,0.0069,3.0818
Dorosomatidae,Opisthonema oglinum,TL,Northeast coast,0.00976,2.962
Dorosomatidae,Opisthonema oglinum,TL,Atlantic coast / Autumn 1992-1999.,0.00231,3.72
Dorosomatidae,Opisthonema oglinum,TL,"Central coast, 1993-2000",0.014,2.79
Dorosomatidae,Opisthonema oglinum,TL,Grand Cul-de-Sac Marin Bay.,0.0038,3.335
Dorosomatidae,Opisthonema oglinum,TL,"Marica, Sacuarema, Araruama coastal lagoons, South western Brazil / 2011.",0.002,3.371
Dorosomatidae,Opisthonema oglinum,TL,Pernambuco / 2011-2014.,0.0082,3.01
Dorosomatidae,Opisthonema oglinum,TL,Florida (Atlantic coast),0.009,2.994
Dorosomatidae,Opisthonema oglinum,TL,Florida (Gulf coast),0.01,2.996
Opistognathidae,Opistognathus punctatus,TL,NA,0.01525,3
Opistognathidae,Opistognathus whitehursti,TL,Southern Florida,0.00931,2.99
Labrisomidae,Paraclinus fasciatus,TL,Southwest Zone,0.0145,2.84
Serranidae,Paralabrax humeralis,TL,Northern and central coast of Chile/ 2004-2005; 2012-2013.,0.1824,2.234
Serranidae,Paralabrax humeralis,TL,Central coast / 2012-2018.,0.011,3.042
Serranidae,Paralabrax loro,TL,"Gulf of California (Southern Sinaloa and Nayarit), 2005-2007",0.009,3.119
Paralichthyidae,Paralichthys adspersus,TL,Northern and central coast of Chile/ 2004-2005; 2012-2013.,6.00E-04,3.7892
Sciaenidae,Paralonchurus brasiliensis,TL,Rio Grande do Sul (28°-34°S),0.00156,3.627
Sciaenidae,Paralonchurus brasiliensis,TL,"Southeastern region (São Sebastião System), São Paulo, 1997",0.00271,3.396
Sciaenidae,Paralonchurus brasiliensis,TL,"Southeastern region, 1995-1996",0.0028,3.36
Sciaenidae,Paralonchurus brasiliensis,TL,Parana´ state coast / 2004 - 2005,0.00283,3.36
Sciaenidae,Paralonchurus brasiliensis,TL,Punta del Diablo / 2006-2010.,0.004,3.291
Sciaenidae,Paralonchurus brasiliensis,TL,Southeastern coast / 2004-2006.,0.00389,3.287
Sciaenidae,Paralonchurus brasiliensis,TL,Southeastern coast / 2004-2006.,0.00224,3.483
Sciaenidae,Paralonchurus brasiliensis,TL,Southeastern coast / 2004-2006.,0.00191,3.533
Sciaenidae,Paralonchurus brasiliensis,TL,Southeastern coast / 2004-2006.,0.00483,3.22
Sciaenidae,Paralonchurus brasiliensis,TL,Ubatuba-Enseada Bay / 2003-2004,0.004,3.177
Sciaenidae,Paralonchurus brasiliensis,TL,Sergipe / 2015-2016.,0.0024,3.424
Sciaenidae,Paralonchurus brasiliensis,TL,Pernambuco / 2011-2014.,0.0025,3.44
Sciaenidae,Paralonchurus brasiliensis,TL,Pernambuco / 2011-2014.,0.0026,3.43
Sciaenidae,Paralonchurus brasiliensis,TL,Pernambuco / 2011-2014.,0.0023,3.47
Sciaenidae,Paralonchurus brasiliensis,TL,North Rio de Janeiro / 1996-2017.,0.0042,3.2
Sciaenidae,Paralonchurus dumerilii,TL,continental coast / 2012-2014,0.0035,3.3
Sciaenidae,Paralonchurus goodei,TL,"Gulf of California (Southern Sinaloa and Nayarit), 2005-2007",0.001,3.586
Sciaenidae,Paralonchurus goodei,TL,continental coast / 2012-2014,0.0043,3.2341
Sciaenidae,Paralonchurus peruanus,TL,Central coast / 2012-2018.,0.111,2.22
Sciaenidae,Paralonchurus peruanus,TL,Central coast / 2012-2018.,0.004,3.314
Sciaenidae,Paralonchurus peruanus,TL,Central coast / 2012-2018.,0.007,3.167
Sciaenidae,Paralonchurus petersii,TL,continental coast / 2012-2014,0.0034,3.2361
Sciaenidae,Pareques acuminatus,TL,Southern Florida,0.00871,3.202
Peristediidae,Peristedion ecuadorense,TL,Colombian Caribbean Sea / 2009,0.0025,3.343
Peristediidae,Peristedion greyae,TL,Caribbean Sea / 1999,0.00687,2.92
Peristediidae,Peristedion greyae,TL,Colombian Caribbean Sea / 2009,0.0025,3.225
Peristediidae,Peristedion imberbe,TL,Colombian Caribbean Sea / 2009,0.0037,3.019
Peristediidae,Peristedion miniatum,TL,Caribbean Sea / 1999,0.04719,2.36
Peristediidae,Peristedion thompsoni,TL,Colombian Caribbean Sea / 2009,0.0054,3.079
Apogonidae,Phaeoptyx pigmentaria,TL,Grand Cul-de-Sac Marin Bay (Guadelopue) and Bay of Fort-de-France (Martinique),0.0072,3.3714
Labridae,Polylepion cruentum,TL,Baja California Sur / 2004 - 2006,0.002,3.63
Pomacanthidae,Pomacanthus arcuatus,TL,Southern Florida,0.0344,2.968
Pomacanthidae,Pomacanthus paru,TL,Southern Florida,0.0203,3.126
Pomacanthidae,Pomacanthus paru,TL,Itamaraca I. / 2006-2007,0.1192,2.794
Scorpaenidae,Pontinus longispinis,TL,Caribbean Sea / 1999,0.011,3.08
Scorpaenidae,Pontinus longispinis,TL,Colombian Caribbean Sea / 2009,0.0091,3.108
Scorpaenidae,Pontinus nematophthalmus,TL,Caribbean Sea / 1999,0.00938,2.99
Scorpaenidae,Pontinus rathbuni,TL,"Central coast, 1993-2000",0.0039,3.398
Scorpaenidae,Pontinus sierra,TL,"Jalisco and Colima, 1995-96",0.0178,2.84
Scorpaenidae,Pontinus sierra,TL,Baja California Sur / 2004 - 2006,0.005,2.65
Batrachoididae,Porichthys margaritatus,TL,"Jalisco and Colima, 1995-96",0.0069,3.19
Priacanthidae,Priacanthus arenatus,TL,1985,0.0213,2.89
Priacanthidae,Priacanthus arenatus,TL,"off Cape Verde Archipelago, 2000",0.0133,3
Gobiidae,Priolepis hipoliti,TL,Southern Florida,0.0133,3.041
Priacanthidae,Pristigenys serrula,TL,"Gulf of California (Southern Sinaloa and Nayarit), 2005-2007",0.042,2.88
Lutjanidae,Pristipomoides aquilonaris,TL,Colombian Caribbean Sea / 2009,0.0104,3.07
Lutjanidae,Pristipomoides freemani,TL,Southwestern EEZ of Brazil.,0.0127,3.14
Sciaenidae,Protosciaena bathytatos,TL,Colombian Caribbean Sea / 2009,0.0043,3.308
Mullidae,Pseudupeneus grandisquamis,TL,"Jalisco and Colima, 1995-96",0.008,3.18
Mullidae,Pseudupeneus grandisquamis,TL,Jalisco and Colima (Jun 1995 - Dec 1998),0.0035,3.46
Mullidae,Pseudupeneus grandisquamis,TL,"Gulf of California (Southern Sinaloa and Nayarit), 2005-2007",0.006,3.331
Mullidae,Pseudupeneus grandisquamis,TL,Barra de Navidad lagoon / 2002-2003,0.0059,3.26
Mullidae,Pseudupeneus maculatus,TL,Grand Cul-de-Sac Marin Bay (Guadelopue) and Bay of Fort-de-France (Martinique),0.0049,3.3734
Scorpaenidae,Pterois volitans,TL,Parque Nacional Arrecife Alacranes / 2010-2011,0.104,3.3
Scorpaenidae,Pterois volitans,TL,southern Gulf of Mexico / 2010-2012.,0.011,3.33
Scorpaenidae,Pterois volitans,TL,Little Cayman / 2011.,0.00521,3.24
Scorpaenidae,Pterois volitans,TL,Reserva de la Biosfera Banco Chinchorro / 2013.,0.0036,3.3
Scorpaenidae,Pterois volitans,TL,Reserva de la Biosfera Banco Chinchorro / 2012.,0.004,3.27
Scorpaenidae,Pterois volitans,TL,Reserva de la Biosfera Banco Chinchorro / 2012-2013.,0.0041,3.25
Scorpaenidae,Pterois volitans,TL,Parque Nacional Arrecifes de Xcalak / 2012.,0.0041,3.25
Scorpaenidae,Pterois volitans,TL,Parque Nacional Arrecifes de Xcalak / 2012-2013.,0.0049,3.19
Scorpaenidae,Pterois volitans,TL,Parque Nacional Arrecifes de Xcalak / 2013.,0.0052,3.16
Scorpaenidae,Pterois volitans,TL,northern Gulf of Mexico / 2013-2014,0.00453,3.34
Haemulidae,Rhencus macracanthus,TL,continental coast / 2012-2014,0.0105,3.1202
Haemulidae,Rhencus panamensis,TL,"Gulf of California (Southern Sinaloa and Nayarit), 2005-2007",0.015,3.011
Haemulidae,Rhencus panamensis,TL,Bahia de Matanchen / 2013-2014,0.0167,3.004
Lutjanidae,Rhomboplites aurorubens,TL,eastern Gulf of Mexico/1995-1996,0.01862,2.87
Lutjanidae,Rhomboplites aurorubens,TL,Atlantic coast / Spring 1992-1999.,0.01347,3.01
Lutjanidae,Rhomboplites aurorubens,TL,"Central coast, 1993-2000",0.0168,2.896
Lutjanidae,Rhomboplites aurorubens,TL,Central coast (Salvador-BA to São Tomé Cape-RJ),0.0467,2.59
Haemulidae,Rhonciscus bayanus,TL,NA,0.01264,3
Haemulidae,Rhonciscus branickii,TL,Baja California Sur / 2004 - 2006,0.017,3.135
Haemulidae,Rhonciscus crocro,TL,NA,0.03901,3
Dorosomatidae,Sardinella aurita,TL,(shelf),0.00562,3.136
Dorosomatidae,Sardinella aurita,TL,1984,0.0104,3.12
Dorosomatidae,Sardinella aurita,TL,Northeast region,0.00575,3.16
Dorosomatidae,Sardinella aurita,TL,"Balearic Islands, 1995-96",0.0068,2.99
Dorosomatidae,Sardinella aurita,TL,"Kyclades, 1997-98",0.01571,2.804
Dorosomatidae,Sardinella aurita,TL,Atlantic coast / 1992-1999.,0.00741,3.15
Dorosomatidae,Sardinella aurita,TL,"Strymon estuary, NW Aegean, 1997-99",0.0087,2.95
Dorosomatidae,Sardinella aurita,TL,"eastern Adriatic Sea, 1998-03",0.0043,3.12
Dorosomatidae,Sardinella aurita,TL,"Gökceada Island (northern Aegean Sea), 2004-2020",0.0062,3.076
Dorosomatidae,Sardinella aurita,TL,"River Cetina estuary, middle Adriatic, 2000-2004",0.004,3.16
Dorosomatidae,Sardinella aurita,TL,"northern Sea of Marmara, 2006-2007 (Nov.-Mar.)",0.0333,2.272
Dorosomatidae,Sardinella aurita,TL,"Erdek Bay (27°20'- 27°52' E; 40°18'-40°28' N), Sea of Marmara, 2000-2001",0.0031,3.439
Dorosomatidae,Sardinella aurita,TL,Korinthiakos Gulf / 2008-2009,0.0067,3.022
Dorosomatidae,Sardinella aurita,TL,French Catalan coast / 2007-2010.,0.004,3.26
Dorosomatidae,Sardinella aurita,TL,"GFCM GSA 26; off the coast of Egypt / 2008-2010, 2017-2018.",0.0149,2.745
Dorosomatidae,Sardinella aurita,TL,off the south-western coast of Sicily / 2012-2019,0.0065,3.0251
Synodontidae,Saurida brasiliensis,TL,"South-Southeast EEZ /1996, 1997.",0.00721,3.256
Synodontidae,Saurida brasiliensis,TL,"Southeastern region (São Sebastião System), São Paulo, 1997",0.00484,3.04
Synodontidae,Saurida brasiliensis,TL,Southwestern EEZ of Brazil.,0.00715,2.885
Synodontidae,Saurida brasiliensis,TL,Southeastern coast / 2004-2006.,0.00264,3.343
Synodontidae,Saurida caribbaea,TL,"South-Southeast EEZ /1996, 1997.",0.00426,3.027
Synodontidae,Saurida caribbaea,TL,Southwestern EEZ of Brazil.,0.00719,2.844
Blenniidae,Scartella cristata,TL,Southern Florida,0.0281,2.414
Blenniidae,Scartella cristata,TL,"Praia dos Castelhanos, Espírito Santo, 2005-07",0.00812,3.27
Blenniidae,Scartichthys gigas,TL,Central coast / 2012-2018.,0.019,2.945
Scaridae,Scarus coelestinus,TL,Southern Florida,0.0153,3.062
Scaridae,Scarus coeruleus,TL,Southern Florida,0.0124,3.111
Scaridae,Scarus ghobban,TL,"Lakshadweep lagoons, 1993-97",0.0233,2.919
Scaridae,Scarus ghobban,TL,2009-2013,0.02,2.99
Scaridae,Scarus ghobban,TL,Egytian Red Sea coast / 2014-2016.,0.035,2.77
Scaridae,Scarus guacamaia,TL,Southern Florida,0.0155,3.0629
Scaridae,Scarus iseri,TL,Southern Florida,0.0147,3.055
Scaridae,Scarus iseri,TL,Grand Cul-de-Sac Marin Bay (Guadelopue) and Bay of Fort-de-France (Martinique),0.0158,3.0515
Scaridae,Scarus rubroviolaceus,TL,2009-2013,0.0114,3.18
Scaridae,Scarus rubroviolaceus,TL,2010 - 2015,0.0115,3.18
Scaridae,Scarus taeniopterus,TL,Southern Florida,0.0135,3
Scaridae,Scarus taeniopterus,TL,Puerto Rico and Virgin Is. (US)/2015-2020,0.02238,2.94
Scaridae,Scarus taeniopterus,TL,Puerto Rico and Virgin Is. (US)/2015-2020,0.03161,2.84
Sciaenidae,Sciaena deliciosa,TL,Central coast / 2012-2018.,0.021,2.826
Sciaenidae,Sciaena deliciosa,TL,Central coast / 2012-2018.,0.02,2.842
Sciaenidae,Sciaena deliciosa,TL,Central coast / 2012-2018.,0.015,2.94
Sciaenidae,Sciaenops ocellatus,TL,NA,0.0143,3
Scorpaenidae,Scorpaena plumieri,TL,Southern Florida,0.0243,2.949
Scorpaenidae,Scorpaena plumieri,TL,"Praia dos Castehanos, Spirito Santo / 2005 - 2007",0.0348,2.85
Scorpaenidae,Scorpaena russula,TL,"Jalisco and Colima, 1995-96",0.0188,2.95
Scorpaenidae,Scorpaena russula,TL,"Gulf of California (Southern Sinaloa and Nayarit), 2005-2007",0.035,2.594
Scorpaenidae,Scorpaena bergii,TL,"Northeast Brazilian continental shelf / 2015, 2017.",0.0085,3.41
Scorpaenidae,Scorpaenodes xyris,TL,"Bahía de La Paz (24°06'-24°48'N; 110°15'-110°39'W), Gulf of California, 2000-2003",0.0167,2.925
Muraenidae,Scuticaria tigrina,TL,Taiwan waters / 2003-2008.,0.00022,3.14
Serranidae,Serranus aequidens,TL,Baja California Sur / 2004 - 2006,0.011,3.104
Serranidae,Serranus atrobranchus,TL,Southwestern EEZ of Brazil.,0.0252,2.79
Serranidae,Serranus flaviventris,TL,Grand Cul-de-Sac Marin Bay (Guadelopue) and Bay of Fort-de-France (Martinique),0.0091,3.4011
Serranidae,Serranus flaviventris,TL,Grand Cul-de-Sac Marin Bay (Guadelopue) and Bay of Fort-de-France (Martinique),0.0079,3.4496
Carangidae,Selar crumenophthalmus,TL,1984,0.00291,3.57
Carangidae,Selar crumenophthalmus,TL,"Gulf of Aden and Red Sea, 1993-96",0.013,3.024
Carangidae,Selar crumenophthalmus,TL,"Gulf of California (Southern Sinaloa and Nayarit), 2005-2007",0.005,3.28
Carangidae,Selar crumenophthalmus,TL,"Caribbean coast, 2012-2013",0.006,3.176
Carangidae,Selar crumenophthalmus,TL,"Sarawak / 1997, 1998.",0.0057,3.4063
Carangidae,Selar crumenophthalmus,TL,"Java Sea, north of Madura Island / 2016-2016",0.007,3.173
Carangidae,Selar crumenophthalmus,TL,Hormozgan,0.032,2.8352
Carangidae,Selene brevoortii,TL,"Gulf of California (Southern Sinaloa and Nayarit), 2005-2007",0.027,2.715
Carangidae,Selene brevoortii,TL,Barra de Navidad lagoon / 2002-2003,0.0382,2.6
Carangidae,Selene brevoortii,TL,continental coast / 2012-2014,0.0118,2.9875
Carangidae,Selene brownii,TL,Sergipe / 2015-2016.,0.01754,2.833
Carangidae,Selene brownii,TL,Pernambuco / 2011-2014.,0.0123,3.03
Carangidae,Selene peruviana,TL,"Gulf of California (Southern Sinaloa and Nayarit), 2005-2007",0.021,2.749
Carangidae,Selene peruviana,TL,Barra de Navidad lagoon / 2002-2003,0.0353,2.58
Carangidae,Selene peruviana,TL,"near mouth of Rio Verde, Oaxaca / 2009-2010.",0.0084,3.07
Carangidae,Selene peruviana,TL,continental coast / 2012-2014,0.0125,2.9444
Carangidae,Selene setapinnis,TL,"Southeastern region (São Sebastião System), São Paulo, 1997",0.0202,2.796
Carangidae,Selene setapinnis,TL,"São Paulo and Santa Catarina, 1997-98",0.0156,2.92
Carangidae,Selene setapinnis,TL,"Southeastern region, 1995-1996",0.0151,2.89
Carangidae,Selene setapinnis,TL,Parana´ state coast / 2004 - 2005,0.01524,2.21
Carangidae,Selene setapinnis,TL,Southeastern coast / 2004-2006.,0.00267,3.465
Carangidae,Selene setapinnis,TL,Southeastern coast / 2004-2006.,0.0134,2.955
Carangidae,Selene setapinnis,TL,Ubatuba-Enseada Bay / 2003-2004,0.024,3.013
Carangidae,Selene setapinnis,TL,Itaipu/2001-2004,0.015,2.94
Carangidae,Selene vomer,TL,"Southeastern region (São Sebastião System), São Paulo, 1997",0.0236,2.746
Carangidae,Selene vomer,TL,"Northern region (Curuçá Estuary), Pará, 2003-2004.",0.0249,2.8
Carangidae,Selene vomer,TL,"Paraná (0°S - 25°S), 2003-2004",0.01684,2.763
Carangidae,Selene vomer,TL,"Pará (0°S - 25°S), 2003-2004",0.0171,2.913
Carangidae,Selene vomer,TL,Parana´ state coast / 2004 - 2005,0.01199,2.78
Carangidae,Selene vomer,TL,Southeastern coast / 2004-2006.,0.02009,2.83
Carangidae,Selene vomer,TL,Ubatuba-Enseada Bay / 2003-2004,0.018,3.013
Carangidae,Selene vomer,TL,Piraque-acu and Piraque-mirim rivers / 2008-2009.,0.0309,2.67
Carangidae,Selene vomer,TL,Pernambuco / 2011-2014.,0.0167,2.93
Carangidae,Seriola dumerili,TL,1985,0.0351,2.83
Carangidae,Seriola dumerili,TL,"Quarteira-Vila Real de Santo Antonio, 1986-88",0.024,2.86
Carangidae,Seriola dumerili,TL,Atlantic coast / Autumn 1992-1999.,0.05065,2.72
Carangidae,Seriola dumerili,TL,"Donji Molunat Bay, Adriatic Sea, 1997",0.0225,2.847
Carangidae,Seriola dumerili,TL,"Central coast, 1993-2000",0.0144,2.949
Carangidae,Seriola dumerili,TL,"Western Australia: Statewide, 2011-2016.",0.06711,2.5596
Carangidae,Seriola fasciata,TL,1985,0.0433,2.78
Carangidae,Seriola fasciata,TL,Cape Verde Archipelago / 2008-2013,0.0125,3.0475
Carangidae,Seriola lalandi,TL,"Western Australia: South Coast, 2011-2016.",0.03838,2.6251
Carangidae,Seriola lalandi,TL,"Western Australia: Statewide, 2011-2016.",0.04442,2.5831
Carangidae,Seriola lalandi,TL,"Western Australia: West Coast, 2011-2016.",0.05151,2.5446
Carangidae,Seriola rivoliana,TL,"Central coast, 1993-2000",0.0122,2.957
Scaridae,Sparisoma atomarium,TL,Southern Florida,0.0121,3.028
Scaridae,Sparisoma chrysopterum,TL,Grand Cul-de-Sac Marin Bay (Guadelopue) and Bay of Fort-de-France (Martinique),0.0154,3.0423
Scaridae,Sparisoma radians,TL,Grand Cul-de-Sac Marin Bay (Guadelopue) and Bay of Fort-de-France (Martinique),0.0179,3.0348
Scaridae,Sparisoma radians,TL,Pernambuco / 2011-2014.,0.0057,3.42
Scaridae,Sparisoma radians,TL,"Northeast Brazilian continental shelf / 2015, 2017.",0.0095,3.21
Scaridae,Sparisoma rubripinne,TL,1984,0.0194,3
Scaridae,Sparisoma rubripinne,TL,1985,0.0198,2.98
Labrisomidae,Starksia spinipenis,TL,"Bahía de La Paz (24°06'-24°48'N; 110°15'-110°39'W), Gulf of California, 2000-2003",0.00739,3.258
Pomacentridae,Stegastes leucostictus,TL,Grand Cul-de-Sac Marin Bay (Guadelopue) and Bay of Fort-de-France (Martinique),0.0277,2.8711
Sciaenidae,Stellifer chrysoleuca,TL,continental coast / 2012-2014,0.0044,3.3492
Sciaenidae,Stellifer ephelis,TL,continental coast / 2012-2014,0.0072,3.1605
Sciaenidae,Stellifer ericymba,TL,Bahia de Matanchen / 2013-2014,0.0148,2.864
Sciaenidae,Stellifer ericymba,TL,Central coast / 2012-2018.,0.003,3.689
Sciaenidae,Stellifer ericymba,TL,Central coast / 2012-2018.,0.003,3.647
Sciaenidae,Stellifer ericymba,TL,Central coast / 2012-2018.,0.003,3.6
Sciaenidae,Stellifer ericymba,TL,continental coast / 2012-2014,0.0075,3.1728
Sciaenidae,Stellifer fuerthii,TL,Bahia de Matanchen / 2013-2014,0.0116,2.986
Sciaenidae,Stellifer illecebrosus,TL,"Gulf of California (Southern Sinaloa and Nayarit), 2005-2007",0.008,3.165
Sciaenidae,Stellifer illecebrosus,TL,Bahia de Matanchen / 2013-2014,0.0041,3.343
Sciaenidae,Stellifer mancorensis,TL,continental coast / 2012-2014,0.0048,3.4262
Sciaenidae,Stellifer microps,TL,"Northern region (Curuçá Estuary), Pará, 2003-2004.",0.0076,3.22
Sciaenidae,Stellifer microps,TL,"Pará (0°S - 25°S), 2003-2004",0.00439,3.414
Sciaenidae,Stellifer microps,TL,Pernambuco / 2011-2014.,0.0064,3.22
Sciaenidae,Stellifer microps,TL,Pernambuco / 2011-2014.,0.0057,3.27
Sciaenidae,Stellifer microps,TL,Pernambuco / 2011-2014.,0.0058,3.26
Sciaenidae,Stellifer oscitans,TL,continental coast / 2012-2014,0.0039,3.41
Sciaenidae,Stellifer pizarroensis,TL,continental coast / 2012-2014,0.0044,3.3503
Sciaenidae,Stellifer punctatissimus,TL,Parana´ state coast / 2004 - 2005,0.00494,3.18
Sciaenidae,Stellifer punctatissimus,TL,Northeastern Brazilian coast / 2013-2014.,0.0071,3.172
Sciaenidae,Stellifer punctatissimus,TL,North Rio de Janeiro / 1996-2017.,0.0281,2.97
Sciaenidae,Stellifer rastrifer,TL,"Southeastern region (São Sebastião System), São Paulo, 1997",0.00565,3.316
Sciaenidae,Stellifer rastrifer,TL,"Northern region (Curuçá Estuary), Pará, 2003-2004.",0.005,3.4
Sciaenidae,Stellifer rastrifer,TL,"Pará (0°S - 25°S), 2003-2004",0.00598,3.251
Sciaenidae,Stellifer rastrifer,TL,"Paraná (0°S - 25°S), 2003-2004",0.00682,3.264
Sciaenidae,Stellifer rastrifer,TL,"Espirito Santo (0°S - 25°S), 2003-2004",0.00687,3.13
Sciaenidae,Stellifer rastrifer,TL,"Bragança Paulista, Pará, 1999-2001",0.0098,2.9324
Sciaenidae,Stellifer rastrifer,TL,"Ilha de Paciência, Maranhão, 2006-2007",0.0252,2.812
Sciaenidae,Stellifer rastrifer,TL,"Southeastern region, 1995-1996",0.0085,3.09
Sciaenidae,Stellifer rastrifer,TL,Parana´ state coast / 2004 - 2005,0.00427,3.27
Sciaenidae,Stellifer rastrifer,TL,Punta del Diablo / 2006-2010.,0.008,3.163
Sciaenidae,Stellifer rastrifer,TL,Southeastern coast / 2004-2006.,0.00625,3.283
Sciaenidae,Stellifer rastrifer,TL,Southeastern coast / 2004-2006.,0.00611,3.295
Sciaenidae,Stellifer rastrifer,TL,Southeastern coast / 2004-2006.,0.00571,3.318
Sciaenidae,Stellifer rastrifer,TL,Ubatuba-Enseada Bay / 2003-2004,0.009,3.073
Sciaenidae,Stellifer rastrifer,TL,Piraque-acu and Piraque-mirim rivers / 2008-2009.,0.0176,2.6
Sciaenidae,Stellifer rastrifer,TL,Sergipe / 2015-2016.,0.00756,3.182
Sciaenidae,Stellifer rastrifer,TL,Pernambuco / 2011-2014.,0.0044,3.41
Sciaenidae,Stellifer rastrifer,TL,Pernambuco / 2011-2014.,0.005,3.36
Sciaenidae,Stellifer stellifer,TL,"Northern region (Curuçá Estuary), Pará, 2003-2004.",0.0035,3.46
Sciaenidae,Stellifer stellifer,TL,"Pará (0°S - 25°S), 2003-2004",0.00516,3.212
Sciaenidae,Stellifer stellifer,TL,"Espirito Santo (0°S - 25°S), 2003-2004",0.00623,3.263
Sciaenidae,Stellifer stellifer,TL,"Bragança Paulista, Pará, 1999-2001",0.0069,3.0683
Sciaenidae,Stellifer stellifer,TL,"Southeastern region, 1995-1996",0.0097,3.02
Sciaenidae,Stellifer stellifer,TL,southern Bahia / 2003-2005,0.011,2.93
Sciaenidae,Stellifer stellifer,TL,Parana´ state coast / 2004 - 2005,0.00439,3.22
Sciaenidae,Stellifer stellifer,TL,Southeastern coast / 2004-2006.,0.00605,3.245
Sciaenidae,Stellifer stellifer,TL,Southeastern coast / 2004-2006.,0.00282,3.594
Sciaenidae,Stellifer stellifer,TL,Southeastern coast / 2004-2006.,0.00365,3.443
Sciaenidae,Stellifer stellifer,TL,Southeastern coast / 2004-2006.,0.0058,3.264
Sciaenidae,Stellifer stellifer,TL,Ubatuba-Enseada Bay / 2003-2004,0.008,3.132
Sciaenidae,Stellifer stellifer,TL,Sergipe / 2015-2016.,0.00552,3.287
Sciaenidae,Stellifer stellifer,TL,Pernambuco / 2011-2014.,0.0066,3.21
Sciaenidae,Stellifer stellifer,TL,Pernambuco / 2011-2014.,0.0067,3.21
Sciaenidae,Stellifer stellifer,TL,Pernambuco / 2011-2014.,0.0059,3.26
Sciaenidae,Stellifer zestocarus,TL,continental coast / 2012-2014,0.0045,3.3525
Labridae,Stethojulis bandanensis,TL,NA,0.01505,3
Labridae,Stethojulis bandanensis,TL,Presumably Philippines.,0.0128,3.077
Belonidae,Strongylura marina,TL,NA,0.0011,3
Belonidae,Strongylura marina,TL,"Central coast, 1993-2000",7.00E-04,3.175
Belonidae,Strongylura timucu,TL,"Central coast, 1993-2000",0.0043,2.672
Belonidae,Strongylura timucu,TL,"Northern region (Curuçá Estuary), Pará, 2003-2004.",5.00E-04,3.25
Synodontidae,Synodus evermanni,TL,Baja California Sur / 2004 - 2006,0.007,3.031
Synodontidae,Synodus evermanni,TL,continental coast / 2012-2014,0.0255,2.597
Synodontidae,Synodus foetens,TL,"Gulf of Mexico, Louisiana & Mississippi",0.00769,2.946
Synodontidae,Synodus foetens,TL,Rio Grande do Sul (28°-34°S),0.00835,2.952
Synodontidae,Synodus foetens,TL,"Southeastern region (São Sebastião System), São Paulo, 1997",0.00265,3.252
Synodontidae,Synodus foetens,TL,"Espirito Santo (0°S - 25°S), 2003-2004",0.00354,3.178
Synodontidae,Synodus foetens,TL,"Southeastern region, 1995-1996",0.0029,3.21
Synodontidae,Synodus foetens,TL,Southeastern coast / 2004-2006.,0.02431,2.607
Synodontidae,Synodus foetens,TL,Guaratiba Mangrove / 2002-2003,0.003,3.1
Synodontidae,Synodus scituliceps,TL,Baja California Sur / 2004 - 2006,0.005,3.09
Synodontidae,Synodus scituliceps,TL,"Gulf of California (Southern Sinaloa and Nayarit), 2005-2007",0.008,2.858
Synodontidae,Synodus scituliceps,TL,continental coast / 2012-2014,0.0028,3.2021
Synodontidae,Synodus sechurae,TL,"Jalisco and Colima, 1995-96",0.0065,2.99
Synodontidae,Synodus sechurae,TL,"Gulf of California (Southern Sinaloa and Nayarit), 2005-2007",0.012,2.749
Synodontidae,Synodus synodus,TL,"off Alexandria, 1998",0.002,3.44
Synodontidae,Synodus synodus,TL,"off Cape Verde Archipelago, 2000",0.0084,3.067
Labridae,Thalassoma bifasciatum,TL,Southern Florida,0.0107,2.916
Labridae,Thalassoma lucasanum,TL,"Bahía de La Paz (24°06'-24°48'N; 110°15'-110°39'W), Gulf of California, 2000-2003",0.0126,2.878
Labridae,Thalassoma purpureum,TL,NA,0.02593,3
Batrachoididae,Thalassophryne maculosa,TL,"Pará (0°S - 25°S), 2003-2004",0.00977,3.279
Synodontidae,Trachinocephalus myops,TL,NA,0.00997,3
Synodontidae,Trachinocephalus myops,TL,"Central coast, 1993-2000",4.00E-04,3.972
Carangidae,Trachinotus carolinus,TL,Piraque-acu and Piraque-mirim rivers / 2008-2009.,0.0171,2.81
Carangidae,Trachinotus carolinus,TL,"Macaé	 River, 	Rio	de	 Janeiro	 State / 2011-2012.",0.0275,2.75
Carangidae,Trachinotus falcatus,TL,"Ilha de Paciência, Maranhão, 2006-2007",0.0301,2.958
Carangidae,Trachinotus falcatus,TL,Piraque-acu and Piraque-mirim rivers / 2008-2009.,0.0261,2.83
Carangidae,Trachinotus goodei,TL,NA,0.02037,3
Carangidae,Trachinotus goodei,TL,Piraque-acu and Piraque-mirim rivers / 2008-2009.,0.0144,2.9
Carangidae,Trachinotus kennedyi,TL,Barra de Navidad lagoon / 2002-2003,0.0245,2.86
Carangidae,Trachinotus paitensis,TL,Central coast / 2012-2018.,0.019,2.856
Carangidae,Trachinotus paitensis,TL,continental coast / 2012-2014,0.0236,2.7527
Carangidae,Trachurus lathami,TL,Rio Grande do Sul (28°-34°S),0.00194,3.467
Carangidae,Trachurus lathami,TL,"South-Southeast EEZ /1996, 1997.",0.00851,3.027
Carangidae,Trachurus lathami,TL,"Southeastern region (São Sebastião System), São Paulo, 1997",0.00902,2.991
Carangidae,Trachurus lathami,TL,southern region,0.00958,2.94
Carangidae,Trachurus lathami,TL,southern region,0.0114,2.91
Carangidae,Trachurus lathami,TL,Southwestern EEZ of Brazil.,0.0105,2.933
Carangidae,Trachurus lathami,TL,Southeastern and southern regions,0.008,3
Carangidae,Trachurus lathami,TL,Southeastern and southern regions,0.00851,3.0042
Carangidae,Trachurus lathami,TL,"Southeastern and southern regions, 1983-1989",0.00997,2.9434
Carangidae,Trachurus lathami,TL,"Southeastern region, 1995-1996",0.0104,2.9
Carangidae,Trachurus lathami,TL,Southeastern coast / 2004-2006.,0.00473,3.206
Carangidae,Trachurus murphyi,TL,Northern and central coast of Chile/ 2004-2005; 2012-2013.,0.0213,2.757
Carangidae,Trachurus murphyi,TL,Central coast / 2012-2018.,0.072,2.363
Belonidae,Tylosurus acus,TL,NA,0.0025,3
Belonidae,Tylosurus acus,TL,"Suez Canal, 2013-2014",5.00E-04,3.26
Belonidae,Tylosurus crocodilus,TL,"Suez Canal, 2013-2014",7.00E-04,3.21
Belonidae,Tylosurus crocodilus,TL,Lakshadweep /  2015-2017,0.00208,2.963
Belonidae,Tylosurus fodiator,TL,NA,0.00261,3
Belonidae,Tylosurus melanotus,TL,Lakshadweep /  2015-2017,0.00492,2.745
Belonidae,Tylosurus pacificus,TL,"Junquilla, Guanacaste",0.00228,3
Belonidae,Tylosurus pacificus,TL,continental coast / 2012-2014,2.00E-04,3.4386
Sciaenidae,Umbrina coroides,TL,Southern Florida,0.0119,3.025
Sciaenidae,Umbrina coroides,TL,"Southeastern region, 1995-1996",0.0066,3.2
Sciaenidae,Umbrina coroides,TL,Southeastern coast / 2004-2006.,0.012,3.028
Sciaenidae,Umbrina xanti,TL,continental coast / 2012-2014,0.0043,3.3805
Mullidae,Upeneus parvus,TL,"Southeastern region (São Sebastião System), São Paulo, 1997",0.00506,3.334
Mullidae,Upeneus parvus,TL,Southwestern EEZ of Brazil.,0.0403,2.76
Mullidae,Upeneus parvus,TL,"Southeastern region, 1995-1996",0.0044,3.31
Mullidae,Upeneus parvus,TL,Southeastern coast / 2004-2006.,0.00282,3.513
Mullidae,Upeneus parvus,TL,Itaipu/2001-2004,0.004,3.41
Carangidae,Uraspis helvola,TL,Persian Gulf / 2017.,0.028,2.847
Muraenidae,Uropterygius macrocephalus,TL,Taiwan waters / 2003-2008.,0.00063,3.17
Muraenidae,Uropterygius macrocephalus,TL,Taiwan waters / 2003-2008.,0.00078,3.13
Muraenidae,Uropterygius macrocephalus,TL,Taiwan waters / 2003-2008.,0.00058,3.21
Haemulidae,Xenichthys xanti,TL,"Jalisco and Colima, 1995-96",0.0098,3.1
Labridae,Xyrichtys martinicensis,TL,southern Florida,0.018,3.078
Labridae,Xyrichtys novacula,TL,Southern Florida,0.0481,2.243
Labridae,Xyrichtys novacula,TL,"Kyclades, 1997-98",0.103,2.235
Labridae,Xyrichtys novacula,TL,Zakynthos Island / 2013-2017.,0.011,3.075
Labridae,Xyrichtys novacula,TL,Continental shelf and upper slope / 2008-2011,0.0034,3.48
Labridae,Xyrichtys splendens,TL,Southern Florida,0.00995,2.999
