Collection_Number,Order,Family,genus,species,Complete_name,Ocean,Site,Locality,standard_length_mm,total_length_mm,standard_length_cm,total_length_cm,mass_g,Otolith_length_mm,right otolith length mm,right_Otolith_width_mm,right_Otolith_mass_g,Collection,Collector,Compiler
CAMLANIV16,Perciformes,Lutjanidae,Lutjanus,analis,Lutjanus analis,Caribbean,South-western Atlantic.,,125,162,12.5,16.2,62.55,6.97,6.97,4.17,0.0342,"Assis, DAS, Santos, JA, Moraes, LE, Santos, ACA. Biometric relation between body size and otolith size of seven commercial fish species of the south-western Atlantic. J Appl Ichthyol. 2018; 34: 1176– 1179. https://doi.org/10.1111/jai.13744","Assis, DAS",Aaron O'Dea
CAMLANIV17,Perciformes,Lutjanidae,Lutjanus,analis,Lutjanus analis,Caribbean,South-western Atlantic.,,115,150,11.5,15,50.3,7.01,7.01,4.26,0.0324,"Assis, DAS, Santos, JA, Moraes, LE, Santos, ACA. Biometric relation between body size and otolith size of seven commercial fish species of the south-western Atlantic. J Appl Ichthyol. 2018; 34: 1176– 1179. https://doi.org/10.1111/jai.13744","Assis, DAS",Aaron O'Dea
CAMLANIV18,Perciformes,Lutjanidae,Lutjanus,analis,Lutjanus analis,Caribbean,South-western Atlantic.,,112,147,11.2,14.7,47.84,6.46,6.46,4.05,0.0308,"Assis, DAS, Santos, JA, Moraes, LE, Santos, ACA. Biometric relation between body size and otolith size of seven commercial fish species of the south-western Atlantic. J Appl Ichthyol. 2018; 34: 1176– 1179. https://doi.org/10.1111/jai.13744","Assis, DAS",Aaron O'Dea
CAMLANIV19,Perciformes,Lutjanidae,Lutjanus,analis,Lutjanus analis,Caribbean,South-western Atlantic.,,102,136,10.2,13.6,38.59,6.04,6.04,3.77,0.0272,"Assis, DAS, Santos, JA, Moraes, LE, Santos, ACA. Biometric relation between body size and otolith size of seven commercial fish species of the south-western Atlantic. J Appl Ichthyol. 2018; 34: 1176– 1179. https://doi.org/10.1111/jai.13744","Assis, DAS",Aaron O'Dea
CAMLANIV20,Perciformes,Lutjanidae,Lutjanus,analis,Lutjanus analis,Caribbean,South-western Atlantic.,,100,130,10,13,34.83,5.99,5.99,3.7,0.0252,"Assis, DAS, Santos, JA, Moraes, LE, Santos, ACA. Biometric relation between body size and otolith size of seven commercial fish species of the south-western Atlantic. J Appl Ichthyol. 2018; 34: 1176– 1179. https://doi.org/10.1111/jai.13744","Assis, DAS",Aaron O'Dea
CAMLANIV21,Perciformes,Lutjanidae,Lutjanus,analis,Lutjanus analis,Caribbean,South-western Atlantic.,,104,132,10.4,13.2,35.02,6.09,6.09,3.69,0.0236,"Assis, DAS, Santos, JA, Moraes, LE, Santos, ACA. Biometric relation between body size and otolith size of seven commercial fish species of the south-western Atlantic. J Appl Ichthyol. 2018; 34: 1176– 1179. https://doi.org/10.1111/jai.13744","Assis, DAS",Aaron O'Dea
CAMLANIV22,Perciformes,Lutjanidae,Lutjanus,analis,Lutjanus analis,Caribbean,South-western Atlantic.,,97,128,9.7,12.8,31.58,5.74,5.74,3.31,0.0224,"Assis, DAS, Santos, JA, Moraes, LE, Santos, ACA. Biometric relation between body size and otolith size of seven commercial fish species of the south-western Atlantic. J Appl Ichthyol. 2018; 34: 1176– 1179. https://doi.org/10.1111/jai.13744","Assis, DAS",Aaron O'Dea
CAMLANIV23,Perciformes,Lutjanidae,Lutjanus,analis,Lutjanus analis,Caribbean,South-western Atlantic.,,91,118,9.1,11.8,27.92,5.6,5.6,3.47,0.0198,"Assis, DAS, Santos, JA, Moraes, LE, Santos, ACA. Biometric relation between body size and otolith size of seven commercial fish species of the south-western Atlantic. J Appl Ichthyol. 2018; 34: 1176– 1179. https://doi.org/10.1111/jai.13744","Assis, DAS",Aaron O'Dea
CAMLANIV24,Perciformes,Lutjanidae,Lutjanus,analis,Lutjanus analis,Caribbean,South-western Atlantic.,,95,127,9.5,12.7,30.32,5.72,5.72,3.62,0.0205,"Assis, DAS, Santos, JA, Moraes, LE, Santos, ACA. Biometric relation between body size and otolith size of seven commercial fish species of the south-western Atlantic. J Appl Ichthyol. 2018; 34: 1176– 1179. https://doi.org/10.1111/jai.13744","Assis, DAS",Aaron O'Dea
CAMLANIV25,Perciformes,Lutjanidae,Lutjanus,analis,Lutjanus analis,Caribbean,South-western Atlantic.,,103,134,10.3,13.4,35.94,6.09,6.09,3.71,0.0258,"Assis, DAS, Santos, JA, Moraes, LE, Santos, ACA. Biometric relation between body size and otolith size of seven commercial fish species of the south-western Atlantic. J Appl Ichthyol. 2018; 34: 1176– 1179. https://doi.org/10.1111/jai.13744","Assis, DAS",Aaron O'Dea
CAMLANIV27,Perciformes,Lutjanidae,Lutjanus,analis,Lutjanus analis,Caribbean,South-western Atlantic.,,85,100,8.5,10,18.2,4.98,4.98,3.13,0.0145,"Assis, DAS, Santos, JA, Moraes, LE, Santos, ACA. Biometric relation between body size and otolith size of seven commercial fish species of the south-western Atlantic. J Appl Ichthyol. 2018; 34: 1176– 1179. https://doi.org/10.1111/jai.13744","Assis, DAS",Aaron O'Dea
CAMLANIV28,Perciformes,Lutjanidae,Lutjanus,analis,Lutjanus analis,Caribbean,South-western Atlantic.,,86,110,8.6,11,21.44,5.2,5.2,3.12,0.0157,"Assis, DAS, Santos, JA, Moraes, LE, Santos, ACA. Biometric relation between body size and otolith size of seven commercial fish species of the south-western Atlantic. J Appl Ichthyol. 2018; 34: 1176– 1179. https://doi.org/10.1111/jai.13744","Assis, DAS",Aaron O'Dea
CAMLANIV29,Perciformes,Lutjanidae,Lutjanus,analis,Lutjanus analis,Caribbean,South-western Atlantic.,,71,93,7.1,9.3,13.04,4.63,4.63,2.81,0.011,"Assis, DAS, Santos, JA, Moraes, LE, Santos, ACA. Biometric relation between body size and otolith size of seven commercial fish species of the south-western Atlantic. J Appl Ichthyol. 2018; 34: 1176– 1179. https://doi.org/10.1111/jai.13744","Assis, DAS",Aaron O'Dea
CAMLANIV31,Perciformes,Lutjanidae,Lutjanus,analis,Lutjanus analis,Caribbean,South-western Atlantic.,,69,88,6.9,8.8,10.42,4.25,4.25,2.58,0.0082,"Assis, DAS, Santos, JA, Moraes, LE, Santos, ACA. Biometric relation between body size and otolith size of seven commercial fish species of the south-western Atlantic. J Appl Ichthyol. 2018; 34: 1176– 1179. https://doi.org/10.1111/jai.13744","Assis, DAS",Aaron O'Dea
CAMLANIV32,Perciformes,Lutjanidae,Lutjanus,analis,Lutjanus analis,Caribbean,South-western Atlantic.,,193,250,19.3,25,207.15,9.42,9.42,6.26,0.0951,"Assis, DAS, Santos, JA, Moraes, LE, Santos, ACA. Biometric relation between body size and otolith size of seven commercial fish species of the south-western Atlantic. J Appl Ichthyol. 2018; 34: 1176– 1179. https://doi.org/10.1111/jai.13744","Assis, DAS",Aaron O'Dea
CAMLANIV33,Perciformes,Lutjanidae,Lutjanus,analis,Lutjanus analis,Caribbean,South-western Atlantic.,,182,241,18.2,24.1,199.16,9.79,9.79,6.2,0.1032,"Assis, DAS, Santos, JA, Moraes, LE, Santos, ACA. Biometric relation between body size and otolith size of seven commercial fish species of the south-western Atlantic. J Appl Ichthyol. 2018; 34: 1176– 1179. https://doi.org/10.1111/jai.13744","Assis, DAS",Aaron O'Dea
CAMLANIV34,Perciformes,Lutjanidae,Lutjanus,analis,Lutjanus analis,Caribbean,South-western Atlantic.,,185,240,18.5,24,194.93,9.34,9.34,6.24,0.0911,"Assis, DAS, Santos, JA, Moraes, LE, Santos, ACA. Biometric relation between body size and otolith size of seven commercial fish species of the south-western Atlantic. J Appl Ichthyol. 2018; 34: 1176– 1179. https://doi.org/10.1111/jai.13744","Assis, DAS",Aaron O'Dea
CAMLANIV35,Perciformes,Lutjanidae,Lutjanus,analis,Lutjanus analis,Caribbean,South-western Atlantic.,,175,225,17.5,22.5,158.48,9.39,9.39,5.89,0.0867,"Assis, DAS, Santos, JA, Moraes, LE, Santos, ACA. Biometric relation between body size and otolith size of seven commercial fish species of the south-western Atlantic. J Appl Ichthyol. 2018; 34: 1176– 1179. https://doi.org/10.1111/jai.13744","Assis, DAS",Aaron O'Dea
CAMLANIV36,Perciformes,Lutjanidae,Lutjanus,analis,Lutjanus analis,Caribbean,South-western Atlantic.,,165,214,16.5,21.4,146.8,8.43,8.43,5.57,0.0666,"Assis, DAS, Santos, JA, Moraes, LE, Santos, ACA. Biometric relation between body size and otolith size of seven commercial fish species of the south-western Atlantic. J Appl Ichthyol. 2018; 34: 1176– 1179. https://doi.org/10.1111/jai.13744","Assis, DAS",Aaron O'Dea
CAMLANIV37,Perciformes,Lutjanidae,Lutjanus,analis,Lutjanus analis,Caribbean,South-western Atlantic.,,158,207,15.8,20.7,135.96,8.16,8.16,5.25,0.0619,"Assis, DAS, Santos, JA, Moraes, LE, Santos, ACA. Biometric relation between body size and otolith size of seven commercial fish species of the south-western Atlantic. J Appl Ichthyol. 2018; 34: 1176– 1179. https://doi.org/10.1111/jai.13744","Assis, DAS",Aaron O'Dea
CAMLANIV38,Perciformes,Lutjanidae,Lutjanus,analis,Lutjanus analis,Caribbean,South-western Atlantic.,,168,222,16.8,22.2,168.39,9.41,9.41,5.56,0.0832,"Assis, DAS, Santos, JA, Moraes, LE, Santos, ACA. Biometric relation between body size and otolith size of seven commercial fish species of the south-western Atlantic. J Appl Ichthyol. 2018; 34: 1176– 1179. https://doi.org/10.1111/jai.13744","Assis, DAS",Aaron O'Dea
CAMLANIV39,Perciformes,Lutjanidae,Lutjanus,analis,Lutjanus analis,Caribbean,South-western Atlantic.,,137,182,13.7,18.2,85.26,7.25,7.25,4.75,0.0478,"Assis, DAS, Santos, JA, Moraes, LE, Santos, ACA. Biometric relation between body size and otolith size of seven commercial fish species of the south-western Atlantic. J Appl Ichthyol. 2018; 34: 1176– 1179. https://doi.org/10.1111/jai.13744","Assis, DAS",Aaron O'Dea
CAMLANIV40,Perciformes,Lutjanidae,Lutjanus,analis,Lutjanus analis,Caribbean,South-western Atlantic.,,153,202,15.3,20.2,112.56,8.15,8.15,5.06,0.0562,"Assis, DAS, Santos, JA, Moraes, LE, Santos, ACA. Biometric relation between body size and otolith size of seven commercial fish species of the south-western Atlantic. J Appl Ichthyol. 2018; 34: 1176– 1179. https://doi.org/10.1111/jai.13744","Assis, DAS",Aaron O'Dea
CAMLANIV41,Perciformes,Lutjanidae,Lutjanus,analis,Lutjanus analis,Caribbean,South-western Atlantic.,,151,200,15.1,20,108.48,8.27,8.27,5.04,0.0596,"Assis, DAS, Santos, JA, Moraes, LE, Santos, ACA. Biometric relation between body size and otolith size of seven commercial fish species of the south-western Atlantic. J Appl Ichthyol. 2018; 34: 1176– 1179. https://doi.org/10.1111/jai.13744","Assis, DAS",Aaron O'Dea
CARLANIV01,Perciformes,Lutjanidae,Lutjanus,analis,Lutjanus analis,Caribbean,South-western Atlantic.,,200,268,20,26.8,235.74,9.72,9.72,6.44,0.1285,"Assis, DAS, Santos, JA, Moraes, LE, Santos, ACA. Biometric relation between body size and otolith size of seven commercial fish species of the south-western Atlantic. J Appl Ichthyol. 2018; 34: 1176– 1179. https://doi.org/10.1111/jai.13744","Assis, DAS",Aaron O'Dea
CARLANIV02,Perciformes,Lutjanidae,Lutjanus,analis,Lutjanus analis,Caribbean,South-western Atlantic.,,153,201,15.3,20.1,105.3,8.29,8.29,5.13,0.0706,"Assis, DAS, Santos, JA, Moraes, LE, Santos, ACA. Biometric relation between body size and otolith size of seven commercial fish species of the south-western Atlantic. J Appl Ichthyol. 2018; 34: 1176– 1179. https://doi.org/10.1111/jai.13744","Assis, DAS",Aaron O'Dea
CARLANIV04,Perciformes,Lutjanidae,Lutjanus,analis,Lutjanus analis,Caribbean,South-western Atlantic.,,175,230,17.5,23,161.7,9.22,9.22,5.77,0.0894,"Assis, DAS, Santos, JA, Moraes, LE, Santos, ACA. Biometric relation between body size and otolith size of seven commercial fish species of the south-western Atlantic. J Appl Ichthyol. 2018; 34: 1176– 1179. https://doi.org/10.1111/jai.13744","Assis, DAS",Aaron O'Dea
CARLANIV05,Perciformes,Lutjanidae,Lutjanus,analis,Lutjanus analis,Caribbean,South-western Atlantic.,,185,244,18.5,24.4,200.28,10.08,10.08,6.11,0.1059,"Assis, DAS, Santos, JA, Moraes, LE, Santos, ACA. Biometric relation between body size and otolith size of seven commercial fish species of the south-western Atlantic. J Appl Ichthyol. 2018; 34: 1176– 1179. https://doi.org/10.1111/jai.13744","Assis, DAS",Aaron O'Dea
CARLANIV06,Perciformes,Lutjanidae,Lutjanus,analis,Lutjanus analis,Caribbean,South-western Atlantic.,,220,289,22,28.9,332.89,11.65,11.65,7.3,0.1653,"Assis, DAS, Santos, JA, Moraes, LE, Santos, ACA. Biometric relation between body size and otolith size of seven commercial fish species of the south-western Atlantic. J Appl Ichthyol. 2018; 34: 1176– 1179. https://doi.org/10.1111/jai.13744","Assis, DAS",Aaron O'Dea
CARLANV01,Perciformes,Lutjanidae,Lutjanus,analis,Lutjanus analis,Caribbean,South-western Atlantic.,,417,520,41.7,52,0,16.66,16.66,9.96,0.4212,"Assis, DAS, Santos, JA, Moraes, LE, Santos, ACA. Biometric relation between body size and otolith size of seven commercial fish species of the south-western Atlantic. J Appl Ichthyol. 2018; 34: 1176– 1179. https://doi.org/10.1111/jai.13744","Assis, DAS",Aaron O'Dea
CARLANV02,Perciformes,Lutjanidae,Lutjanus,analis,Lutjanus analis,Caribbean,South-western Atlantic.,,192,252,19.2,25.2,221.89,10.56,10.56,6.22,0.1171,"Assis, DAS, Santos, JA, Moraes, LE, Santos, ACA. Biometric relation between body size and otolith size of seven commercial fish species of the south-western Atlantic. J Appl Ichthyol. 2018; 34: 1176– 1179. https://doi.org/10.1111/jai.13744","Assis, DAS",Aaron O'Dea
CARLANV03,Perciformes,Lutjanidae,Lutjanus,analis,Lutjanus analis,Caribbean,South-western Atlantic.,,210,282,21,28.2,318.69,10.05,10.05,6.8,0.1368,"Assis, DAS, Santos, JA, Moraes, LE, Santos, ACA. Biometric relation between body size and otolith size of seven commercial fish species of the south-western Atlantic. J Appl Ichthyol. 2018; 34: 1176– 1179. https://doi.org/10.1111/jai.13744","Assis, DAS",Aaron O'Dea
CARLANV04,Perciformes,Lutjanidae,Lutjanus,analis,Lutjanus analis,Caribbean,South-western Atlantic.,,226,290,22.6,29,340.98,11.05,11.05,7.05,0.1488,"Assis, DAS, Santos, JA, Moraes, LE, Santos, ACA. Biometric relation between body size and otolith size of seven commercial fish species of the south-western Atlantic. J Appl Ichthyol. 2018; 34: 1176– 1179. https://doi.org/10.1111/jai.13744","Assis, DAS",Aaron O'Dea
CARLANV05,Perciformes,Lutjanidae,Lutjanus,analis,Lutjanus analis,Caribbean,South-western Atlantic.,,200,263,20,26.3,255.42,10.61,10.61,6.49,0.1263,"Assis, DAS, Santos, JA, Moraes, LE, Santos, ACA. Biometric relation between body size and otolith size of seven commercial fish species of the south-western Atlantic. J Appl Ichthyol. 2018; 34: 1176– 1179. https://doi.org/10.1111/jai.13744","Assis, DAS",Aaron O'Dea
CARLANV06,Perciformes,Lutjanidae,Lutjanus,analis,Lutjanus analis,Caribbean,South-western Atlantic.,,182,234,18.2,23.4,170.44,10.04,10.04,6,0.103,"Assis, DAS, Santos, JA, Moraes, LE, Santos, ACA. Biometric relation between body size and otolith size of seven commercial fish species of the south-western Atlantic. J Appl Ichthyol. 2018; 34: 1176– 1179. https://doi.org/10.1111/jai.13744","Assis, DAS",Aaron O'Dea
CARLJI01,Perciformes,Lutjanidae,Lutjanus,jocu,Lutjanus jocu,Caribbean,South-western Atlantic.,,220,274,22,27.4,355.33,8.37,8.37,5.22,0.0612,"Assis, DAS, Santos, JA, Moraes, LE, Santos, ACA. Biometric relation between body size and otolith size of seven commercial fish species of the south-western Atlantic. J Appl Ichthyol. 2018; 34: 1176– 1179. https://doi.org/10.1111/jai.13744","Assis, DAS",Aaron O'Dea
CARLJI02,Perciformes,Lutjanidae,Lutjanus,jocu,Lutjanus jocu,Caribbean,South-western Atlantic.,,196,243,19.6,24.3,253.21,8.03,8.03,4.67,0.0471,"Assis, DAS, Santos, JA, Moraes, LE, Santos, ACA. Biometric relation between body size and otolith size of seven commercial fish species of the south-western Atlantic. J Appl Ichthyol. 2018; 34: 1176– 1179. https://doi.org/10.1111/jai.13744","Assis, DAS",Aaron O'Dea
CARLJI04,Perciformes,Lutjanidae,Lutjanus,jocu,Lutjanus jocu,Caribbean,South-western Atlantic.,,197,250,19.7,25,257.07,8.46,8.46,4.92,0.0554,"Assis, DAS, Santos, JA, Moraes, LE, Santos, ACA. Biometric relation between body size and otolith size of seven commercial fish species of the south-western Atlantic. J Appl Ichthyol. 2018; 34: 1176– 1179. https://doi.org/10.1111/jai.13744","Assis, DAS",Aaron O'Dea
CARLJII01,Perciformes,Lutjanidae,Lutjanus,jocu,Lutjanus jocu,Caribbean,South-western Atlantic.,,207,260,20.7,26,272.62,8.29,8.29,4.94,0.052,"Assis, DAS, Santos, JA, Moraes, LE, Santos, ACA. Biometric relation between body size and otolith size of seven commercial fish species of the south-western Atlantic. J Appl Ichthyol. 2018; 34: 1176– 1179. https://doi.org/10.1111/jai.13744","Assis, DAS",Aaron O'Dea
CARLJIII04,Perciformes,Lutjanidae,Lutjanus,jocu,Lutjanus jocu,Caribbean,South-western Atlantic.,,207,259,20.7,25.9,281.92,8.31,8.31,4.99,0.0561,"Assis, DAS, Santos, JA, Moraes, LE, Santos, ACA. Biometric relation between body size and otolith size of seven commercial fish species of the south-western Atlantic. J Appl Ichthyol. 2018; 34: 1176– 1179. https://doi.org/10.1111/jai.13744","Assis, DAS",Aaron O'Dea
CARLJIII06,Perciformes,Lutjanidae,Lutjanus,jocu,Lutjanus jocu,Caribbean,South-western Atlantic.,,200,250,20,25,249.4,8.34,8.34,4.88,0.0532,"Assis, DAS, Santos, JA, Moraes, LE, Santos, ACA. Biometric relation between body size and otolith size of seven commercial fish species of the south-western Atlantic. J Appl Ichthyol. 2018; 34: 1176– 1179. https://doi.org/10.1111/jai.13744","Assis, DAS",Aaron O'Dea
CARLJIII07,Perciformes,Lutjanidae,Lutjanus,jocu,Lutjanus jocu,Caribbean,South-western Atlantic.,,211,264,21.1,26.4,281,9.07,9.07,5.17,0.0675,"Assis, DAS, Santos, JA, Moraes, LE, Santos, ACA. Biometric relation between body size and otolith size of seven commercial fish species of the south-western Atlantic. J Appl Ichthyol. 2018; 34: 1176– 1179. https://doi.org/10.1111/jai.13744","Assis, DAS",Aaron O'Dea
CARLJIII08,Perciformes,Lutjanidae,Lutjanus,jocu,Lutjanus jocu,Caribbean,South-western Atlantic.,,214,271,21.4,27.1,303.37,8.68,8.68,5.11,0.0606,"Assis, DAS, Santos, JA, Moraes, LE, Santos, ACA. Biometric relation between body size and otolith size of seven commercial fish species of the south-western Atlantic. J Appl Ichthyol. 2018; 34: 1176– 1179. https://doi.org/10.1111/jai.13744","Assis, DAS",Aaron O'Dea
CARLJIII11,Perciformes,Lutjanidae,Lutjanus,jocu,Lutjanus jocu,Caribbean,South-western Atlantic.,,228,285,22.8,28.5,382.35,9.24,9.24,5.18,0.0674,"Assis, DAS, Santos, JA, Moraes, LE, Santos, ACA. Biometric relation between body size and otolith size of seven commercial fish species of the south-western Atlantic. J Appl Ichthyol. 2018; 34: 1176– 1179. https://doi.org/10.1111/jai.13744","Assis, DAS",Aaron O'Dea
CARLJIV01,Perciformes,Lutjanidae,Lutjanus,jocu,Lutjanus jocu,Caribbean,South-western Atlantic.,,155,205,15.5,20.5,141.05,7.11,7.11,4.43,0.0412,"Assis, DAS, Santos, JA, Moraes, LE, Santos, ACA. Biometric relation between body size and otolith size of seven commercial fish species of the south-western Atlantic. J Appl Ichthyol. 2018; 34: 1176– 1179. https://doi.org/10.1111/jai.13744","Assis, DAS",Aaron O'Dea
CARLJIV05,Perciformes,Lutjanidae,Lutjanus,jocu,Lutjanus jocu,Caribbean,South-western Atlantic.,,177,231,17.7,23.1,190.24,7.63,7.63,4.52,0.0461,"Assis, DAS, Santos, JA, Moraes, LE, Santos, ACA. Biometric relation between body size and otolith size of seven commercial fish species of the south-western Atlantic. J Appl Ichthyol. 2018; 34: 1176– 1179. https://doi.org/10.1111/jai.13744","Assis, DAS",Aaron O'Dea
CARLJIV10,Perciformes,Lutjanidae,Lutjanus,jocu,Lutjanus jocu,Caribbean,South-western Atlantic.,,173,226,17.3,22.6,174.81,8.08,8.08,4.62,0.0472,"Assis, DAS, Santos, JA, Moraes, LE, Santos, ACA. Biometric relation between body size and otolith size of seven commercial fish species of the south-western Atlantic. J Appl Ichthyol. 2018; 34: 1176– 1179. https://doi.org/10.1111/jai.13744","Assis, DAS",Aaron O'Dea
CARLJIV11,Perciformes,Lutjanidae,Lutjanus,jocu,Lutjanus jocu,Caribbean,South-western Atlantic.,,173,225,17.3,22.5,159.86,7.51,7.51,4.54,0.0434,"Assis, DAS, Santos, JA, Moraes, LE, Santos, ACA. Biometric relation between body size and otolith size of seven commercial fish species of the south-western Atlantic. J Appl Ichthyol. 2018; 34: 1176– 1179. https://doi.org/10.1111/jai.13744","Assis, DAS",Aaron O'Dea
CARLJIV12,Perciformes,Lutjanidae,Lutjanus,jocu,Lutjanus jocu,Caribbean,South-western Atlantic.,,139,178,13.9,17.8,88.32,6.7,6.7,4.04,0.0307,"Assis, DAS, Santos, JA, Moraes, LE, Santos, ACA. Biometric relation between body size and otolith size of seven commercial fish species of the south-western Atlantic. J Appl Ichthyol. 2018; 34: 1176– 1179. https://doi.org/10.1111/jai.13744","Assis, DAS",Aaron O'Dea
CARLJIV13,Perciformes,Lutjanidae,Lutjanus,jocu,Lutjanus jocu,Caribbean,South-western Atlantic.,,135,178,13.5,17.8,82.6,6.6,6.6,3.74,0.0256,"Assis, DAS, Santos, JA, Moraes, LE, Santos, ACA. Biometric relation between body size and otolith size of seven commercial fish species of the south-western Atlantic. J Appl Ichthyol. 2018; 34: 1176– 1179. https://doi.org/10.1111/jai.13744","Assis, DAS",Aaron O'Dea
CARLJIV14,Perciformes,Lutjanidae,Lutjanus,jocu,Lutjanus jocu,Caribbean,South-western Atlantic.,,202,261,20.2,26.1,258.6,8.58,8.58,5.05,0.0556,"Assis, DAS, Santos, JA, Moraes, LE, Santos, ACA. Biometric relation between body size and otolith size of seven commercial fish species of the south-western Atlantic. J Appl Ichthyol. 2018; 34: 1176– 1179. https://doi.org/10.1111/jai.13744","Assis, DAS",Aaron O'Dea
CARLJIV18,Perciformes,Lutjanidae,Lutjanus,jocu,Lutjanus jocu,Caribbean,South-western Atlantic.,,175,224,17.5,22.4,158.03,7.72,7.72,4.56,0.0433,"Assis, DAS, Santos, JA, Moraes, LE, Santos, ACA. Biometric relation between body size and otolith size of seven commercial fish species of the south-western Atlantic. J Appl Ichthyol. 2018; 34: 1176– 1179. https://doi.org/10.1111/jai.13744","Assis, DAS",Aaron O'Dea
CARLJIV19,Perciformes,Lutjanidae,Lutjanus,jocu,Lutjanus jocu,Caribbean,South-western Atlantic.,,197,252,19.7,25.2,241.67,8.14,8.14,4.86,0.0525,"Assis, DAS, Santos, JA, Moraes, LE, Santos, ACA. Biometric relation between body size and otolith size of seven commercial fish species of the south-western Atlantic. J Appl Ichthyol. 2018; 34: 1176– 1179. https://doi.org/10.1111/jai.13744","Assis, DAS",Aaron O'Dea
CARLJIV20,Perciformes,Lutjanidae,Lutjanus,jocu,Lutjanus jocu,Caribbean,South-western Atlantic.,,201,250,20.1,25,244.38,8.17,8.17,4.79,0.0525,"Assis, DAS, Santos, JA, Moraes, LE, Santos, ACA. Biometric relation between body size and otolith size of seven commercial fish species of the south-western Atlantic. J Appl Ichthyol. 2018; 34: 1176– 1179. https://doi.org/10.1111/jai.13744","Assis, DAS",Aaron O'Dea
CARLJIV21,Perciformes,Lutjanidae,Lutjanus,jocu,Lutjanus jocu,Caribbean,South-western Atlantic.,,205,261,20.5,26.1,242.52,8.55,8.55,5.11,0.0648,"Assis, DAS, Santos, JA, Moraes, LE, Santos, ACA. Biometric relation between body size and otolith size of seven commercial fish species of the south-western Atlantic. J Appl Ichthyol. 2018; 34: 1176– 1179. https://doi.org/10.1111/jai.13744","Assis, DAS",Aaron O'Dea
CARLJIV22,Perciformes,Lutjanidae,Lutjanus,jocu,Lutjanus jocu,Caribbean,South-western Atlantic.,,200,248,20,24.8,242.91,7.7,7.7,4.57,0.0478,"Assis, DAS, Santos, JA, Moraes, LE, Santos, ACA. Biometric relation between body size and otolith size of seven commercial fish species of the south-western Atlantic. J Appl Ichthyol. 2018; 34: 1176– 1179. https://doi.org/10.1111/jai.13744","Assis, DAS",Aaron O'Dea
CARLJIV24,Perciformes,Lutjanidae,Lutjanus,jocu,Lutjanus jocu,Caribbean,South-western Atlantic.,,235,295,23.5,29.5,387.14,9.22,9.22,5.24,0.0671,"Assis, DAS, Santos, JA, Moraes, LE, Santos, ACA. Biometric relation between body size and otolith size of seven commercial fish species of the south-western Atlantic. J Appl Ichthyol. 2018; 34: 1176– 1179. https://doi.org/10.1111/jai.13744","Assis, DAS",Aaron O'Dea
CARLJV02,Perciformes,Lutjanidae,Lutjanus,jocu,Lutjanus jocu,Caribbean,South-western Atlantic.,,425,530,42.5,53,2386.3,14.18,14.18,7.81,0.2013,"Assis, DAS, Santos, JA, Moraes, LE, Santos, ACA. Biometric relation between body size and otolith size of seven commercial fish species of the south-western Atlantic. J Appl Ichthyol. 2018; 34: 1176– 1179. https://doi.org/10.1111/jai.13744","Assis, DAS",Aaron O'Dea
CARLJV04,Perciformes,Lutjanidae,Lutjanus,jocu,Lutjanus jocu,Caribbean,South-western Atlantic.,,240,300,24,30,412.57,9.92,9.92,5.56,0.0842,"Assis, DAS, Santos, JA, Moraes, LE, Santos, ACA. Biometric relation between body size and otolith size of seven commercial fish species of the south-western Atlantic. J Appl Ichthyol. 2018; 34: 1176– 1179. https://doi.org/10.1111/jai.13744","Assis, DAS",Aaron O'Dea
CARLJV05,Perciformes,Lutjanidae,Lutjanus,jocu,Lutjanus jocu,Caribbean,South-western Atlantic.,,203,257,20.3,25.7,258.43,8.1,8.1,4.92,0.0515,"Assis, DAS, Santos, JA, Moraes, LE, Santos, ACA. Biometric relation between body size and otolith size of seven commercial fish species of the south-western Atlantic. J Appl Ichthyol. 2018; 34: 1176– 1179. https://doi.org/10.1111/jai.13744","Assis, DAS",Aaron O'Dea
CARLJV06,Perciformes,Lutjanidae,Lutjanus,jocu,Lutjanus jocu,Caribbean,South-western Atlantic.,,190,240,19,24,234.43,8.13,8.13,4.87,0.0524,"Assis, DAS, Santos, JA, Moraes, LE, Santos, ACA. Biometric relation between body size and otolith size of seven commercial fish species of the south-western Atlantic. J Appl Ichthyol. 2018; 34: 1176– 1179. https://doi.org/10.1111/jai.13744","Assis, DAS",Aaron O'Dea
CARLJV07,Perciformes,Lutjanidae,Lutjanus,jocu,Lutjanus jocu,Caribbean,South-western Atlantic.,,198,254,19.8,25.4,259.77,8.5,8.5,4.91,0.0554,"Assis, DAS, Santos, JA, Moraes, LE, Santos, ACA. Biometric relation between body size and otolith size of seven commercial fish species of the south-western Atlantic. J Appl Ichthyol. 2018; 34: 1176– 1179. https://doi.org/10.1111/jai.13744","Assis, DAS",Aaron O'Dea
CARLJV08,Perciformes,Lutjanidae,Lutjanus,jocu,Lutjanus jocu,Caribbean,South-western Atlantic.,,200,255,20,25.5,273.13,8.83,8.83,5.21,0.0621,"Assis, DAS, Santos, JA, Moraes, LE, Santos, ACA. Biometric relation between body size and otolith size of seven commercial fish species of the south-western Atlantic. J Appl Ichthyol. 2018; 34: 1176– 1179. https://doi.org/10.1111/jai.13744","Assis, DAS",Aaron O'Dea
CARLJV09,Perciformes,Lutjanidae,Lutjanus,jocu,Lutjanus jocu,Caribbean,South-western Atlantic.,,211,268,21.1,26.8,330.16,8.89,8.89,5.15,0.0651,"Assis, DAS, Santos, JA, Moraes, LE, Santos, ACA. Biometric relation between body size and otolith size of seven commercial fish species of the south-western Atlantic. J Appl Ichthyol. 2018; 34: 1176– 1179. https://doi.org/10.1111/jai.13744","Assis, DAS",Aaron O'Dea
CARLJV11,Perciformes,Lutjanidae,Lutjanus,jocu,Lutjanus jocu,Caribbean,South-western Atlantic.,,205,260,20.5,26,270.57,8.53,8.53,5,0.0568,"Assis, DAS, Santos, JA, Moraes, LE, Santos, ACA. Biometric relation between body size and otolith size of seven commercial fish species of the south-western Atlantic. J Appl Ichthyol. 2018; 34: 1176– 1179. https://doi.org/10.1111/jai.13744","Assis, DAS",Aaron O'Dea
CARLJV12,Perciformes,Lutjanidae,Lutjanus,jocu,Lutjanus jocu,Caribbean,South-western Atlantic.,,218,275,21.8,27.5,339.01,9.02,9.02,5.18,0.0651,"Assis, DAS, Santos, JA, Moraes, LE, Santos, ACA. Biometric relation between body size and otolith size of seven commercial fish species of the south-western Atlantic. J Appl Ichthyol. 2018; 34: 1176– 1179. https://doi.org/10.1111/jai.13744","Assis, DAS",Aaron O'Dea
CARLJV14,Perciformes,Lutjanidae,Lutjanus,jocu,Lutjanus jocu,Caribbean,South-western Atlantic.,,204,257,20.4,25.7,319.46,8.65,8.65,5.19,0.057,"Assis, DAS, Santos, JA, Moraes, LE, Santos, ACA. Biometric relation between body size and otolith size of seven commercial fish species of the south-western Atlantic. J Appl Ichthyol. 2018; 34: 1176– 1179. https://doi.org/10.1111/jai.13744","Assis, DAS",Aaron O'Dea
CARLJV15,Perciformes,Lutjanidae,Lutjanus,jocu,Lutjanus jocu,Caribbean,South-western Atlantic.,,210,267,21,26.7,319.36,8.7,8.7,5.3,0.0608,"Assis, DAS, Santos, JA, Moraes, LE, Santos, ACA. Biometric relation between body size and otolith size of seven commercial fish species of the south-western Atlantic. J Appl Ichthyol. 2018; 34: 1176– 1179. https://doi.org/10.1111/jai.13744","Assis, DAS",Aaron O'Dea
CARLJV16,Perciformes,Lutjanidae,Lutjanus,jocu,Lutjanus jocu,Caribbean,South-western Atlantic.,,211,269,21.1,26.9,313.37,8.65,8.65,5.24,0.0618,"Assis, DAS, Santos, JA, Moraes, LE, Santos, ACA. Biometric relation between body size and otolith size of seven commercial fish species of the south-western Atlantic. J Appl Ichthyol. 2018; 34: 1176– 1179. https://doi.org/10.1111/jai.13744","Assis, DAS",Aaron O'Dea
CARLJV17,Perciformes,Lutjanidae,Lutjanus,jocu,Lutjanus jocu,Caribbean,South-western Atlantic.,,187,236,18.7,23.6,224.8,8.2,8.2,4.94,0.0514,"Assis, DAS, Santos, JA, Moraes, LE, Santos, ACA. Biometric relation between body size and otolith size of seven commercial fish species of the south-western Atlantic. J Appl Ichthyol. 2018; 34: 1176– 1179. https://doi.org/10.1111/jai.13744","Assis, DAS",Aaron O'Dea
CARLJV18,Perciformes,Lutjanidae,Lutjanus,jocu,Lutjanus jocu,Caribbean,South-western Atlantic.,,198,249,19.8,24.9,244.88,8.45,8.45,4.93,0.0532,"Assis, DAS, Santos, JA, Moraes, LE, Santos, ACA. Biometric relation between body size and otolith size of seven commercial fish species of the south-western Atlantic. J Appl Ichthyol. 2018; 34: 1176– 1179. https://doi.org/10.1111/jai.13744","Assis, DAS",Aaron O'Dea
CARLJV20,Perciformes,Lutjanidae,Lutjanus,jocu,Lutjanus jocu,Caribbean,South-western Atlantic.,,210,263,21,26.3,297.61,8.96,8.96,5.34,0.0663,"Assis, DAS, Santos, JA, Moraes, LE, Santos, ACA. Biometric relation between body size and otolith size of seven commercial fish species of the south-western Atlantic. J Appl Ichthyol. 2018; 34: 1176– 1179. https://doi.org/10.1111/jai.13744","Assis, DAS",Aaron O'Dea
CARLJV21,Perciformes,Lutjanidae,Lutjanus,jocu,Lutjanus jocu,Caribbean,South-western Atlantic.,,185,235,18.5,23.5,200.72,8.67,8.67,5.23,0.0674,"Assis, DAS, Santos, JA, Moraes, LE, Santos, ACA. Biometric relation between body size and otolith size of seven commercial fish species of the south-western Atlantic. J Appl Ichthyol. 2018; 34: 1176– 1179. https://doi.org/10.1111/jai.13744","Assis, DAS",Aaron O'Dea
CARLJV23,Perciformes,Lutjanidae,Lutjanus,jocu,Lutjanus jocu,Caribbean,South-western Atlantic.,,185,234,18.5,23.4,209.14,8.26,8.26,4.75,0.052,"Assis, DAS, Santos, JA, Moraes, LE, Santos, ACA. Biometric relation between body size and otolith size of seven commercial fish species of the south-western Atlantic. J Appl Ichthyol. 2018; 34: 1176– 1179. https://doi.org/10.1111/jai.13744","Assis, DAS",Aaron O'Dea
CARLJV24,Perciformes,Lutjanidae,Lutjanus,jocu,Lutjanus jocu,Caribbean,South-western Atlantic.,,165,206,16.5,20.6,142.05,7.48,7.48,4.3,0.0372,"Assis, DAS, Santos, JA, Moraes, LE, Santos, ACA. Biometric relation between body size and otolith size of seven commercial fish species of the south-western Atlantic. J Appl Ichthyol. 2018; 34: 1176– 1179. https://doi.org/10.1111/jai.13744","Assis, DAS",Aaron O'Dea
CARLJV25,Perciformes,Lutjanidae,Lutjanus,jocu,Lutjanus jocu,Caribbean,South-western Atlantic.,,182,231,18.2,23.1,187.52,8.24,8.24,4.74,0.0486,"Assis, DAS, Santos, JA, Moraes, LE, Santos, ACA. Biometric relation between body size and otolith size of seven commercial fish species of the south-western Atlantic. J Appl Ichthyol. 2018; 34: 1176– 1179. https://doi.org/10.1111/jai.13744","Assis, DAS",Aaron O'Dea
CARLJV26,Perciformes,Lutjanidae,Lutjanus,jocu,Lutjanus jocu,Caribbean,South-western Atlantic.,,175,220,17.5,22,172.96,6.97,6.97,4.54,0.0466,"Assis, DAS, Santos, JA, Moraes, LE, Santos, ACA. Biometric relation between body size and otolith size of seven commercial fish species of the south-western Atlantic. J Appl Ichthyol. 2018; 34: 1176– 1179. https://doi.org/10.1111/jai.13744","Assis, DAS",Aaron O'Dea
CARLJV27,Perciformes,Lutjanidae,Lutjanus,jocu,Lutjanus jocu,Caribbean,South-western Atlantic.,,165,210,16.5,21,141.12,7.47,7.47,4.4,0.0362,"Assis, DAS, Santos, JA, Moraes, LE, Santos, ACA. Biometric relation between body size and otolith size of seven commercial fish species of the south-western Atlantic. J Appl Ichthyol. 2018; 34: 1176– 1179. https://doi.org/10.1111/jai.13744","Assis, DAS",Aaron O'Dea
CARLJV28,Perciformes,Lutjanidae,Lutjanus,jocu,Lutjanus jocu,Caribbean,South-western Atlantic.,,175,220,17.5,22,177.75,7.49,7.49,4.4,0.041,"Assis, DAS, Santos, JA, Moraes, LE, Santos, ACA. Biometric relation between body size and otolith size of seven commercial fish species of the south-western Atlantic. J Appl Ichthyol. 2018; 34: 1176– 1179. https://doi.org/10.1111/jai.13744","Assis, DAS",Aaron O'Dea
CARLJV29,Perciformes,Lutjanidae,Lutjanus,jocu,Lutjanus jocu,Caribbean,South-western Atlantic.,,170,212,17,21.2,160.92,7.52,7.52,4.31,0.036,"Assis, DAS, Santos, JA, Moraes, LE, Santos, ACA. Biometric relation between body size and otolith size of seven commercial fish species of the south-western Atlantic. J Appl Ichthyol. 2018; 34: 1176– 1179. https://doi.org/10.1111/jai.13744","Assis, DAS",Aaron O'Dea
CARLJV30,Perciformes,Lutjanidae,Lutjanus,jocu,Lutjanus jocu,Caribbean,South-western Atlantic.,,146,185,14.6,18.5,101.28,6.72,6.72,4.02,0.0284,"Assis, DAS, Santos, JA, Moraes, LE, Santos, ACA. Biometric relation between body size and otolith size of seven commercial fish species of the south-western Atlantic. J Appl Ichthyol. 2018; 34: 1176– 1179. https://doi.org/10.1111/jai.13744","Assis, DAS",Aaron O'Dea
CARLJV33,Perciformes,Lutjanidae,Lutjanus,jocu,Lutjanus jocu,Caribbean,South-western Atlantic.,,310,395,31,39.5,1038.5,11.17,11.17,6.69,0.1157,"Assis, DAS, Santos, JA, Moraes, LE, Santos, ACA. Biometric relation between body size and otolith size of seven commercial fish species of the south-western Atlantic. J Appl Ichthyol. 2018; 34: 1176– 1179. https://doi.org/10.1111/jai.13744","Assis, DAS",Aaron O'Dea
BTSLSIII01,Perciformes,Lutjanidae,Lutjanus,synagris,Lutjanus synagris,Caribbean,South-western Atlantic.,,113,139,11.3,13.9,42.34,7.31,7.31,4.52,0.0521,"Assis, DAS, Santos, JA, Moraes, LE, Santos, ACA. Biometric relation between body size and otolith size of seven commercial fish species of the south-western Atlantic. J Appl Ichthyol. 2018; 34: 1176– 1179. https://doi.org/10.1111/jai.13744","Assis, DAS",Aaron O'Dea
BTSLSIII03,Perciformes,Lutjanidae,Lutjanus,synagris,Lutjanus synagris,Caribbean,South-western Atlantic.,,160,194,16,19.4,94.19,9.35,9.35,5.83,0,"Assis, DAS, Santos, JA, Moraes, LE, Santos, ACA. Biometric relation between body size and otolith size of seven commercial fish species of the south-western Atlantic. J Appl Ichthyol. 2018; 34: 1176– 1179. https://doi.org/10.1111/jai.13744","Assis, DAS",Aaron O'Dea
BTSLSIII04,Perciformes,Lutjanidae,Lutjanus,synagris,Lutjanus synagris,Caribbean,South-western Atlantic.,,151,192,15.1,19.2,97.54,8.86,8.86,5.14,0.077,"Assis, DAS, Santos, JA, Moraes, LE, Santos, ACA. Biometric relation between body size and otolith size of seven commercial fish species of the south-western Atlantic. J Appl Ichthyol. 2018; 34: 1176– 1179. https://doi.org/10.1111/jai.13744","Assis, DAS",Aaron O'Dea
BTSLSIII06,Perciformes,Lutjanidae,Lutjanus,synagris,Lutjanus synagris,Caribbean,South-western Atlantic.,,143,177,14.3,17.7,72.13,8.51,8.51,5.16,0.0692,"Assis, DAS, Santos, JA, Moraes, LE, Santos, ACA. Biometric relation between body size and otolith size of seven commercial fish species of the south-western Atlantic. J Appl Ichthyol. 2018; 34: 1176– 1179. https://doi.org/10.1111/jai.13744","Assis, DAS",Aaron O'Dea
BTSLSIII07,Perciformes,Lutjanidae,Lutjanus,synagris,Lutjanus synagris,Caribbean,South-western Atlantic.,,155,192,15.5,19.2,95.15,8.93,8.93,5.5,0.0812,"Assis, DAS, Santos, JA, Moraes, LE, Santos, ACA. Biometric relation between body size and otolith size of seven commercial fish species of the south-western Atlantic. J Appl Ichthyol. 2018; 34: 1176– 1179. https://doi.org/10.1111/jai.13744","Assis, DAS",Aaron O'Dea
BTSLSIII10,Perciformes,Lutjanidae,Lutjanus,synagris,Lutjanus synagris,Caribbean,South-western Atlantic.,,182,230,18.2,23,175.1,10.84,10.84,6.57,0.1322,"Assis, DAS, Santos, JA, Moraes, LE, Santos, ACA. Biometric relation between body size and otolith size of seven commercial fish species of the south-western Atlantic. J Appl Ichthyol. 2018; 34: 1176– 1179. https://doi.org/10.1111/jai.13744","Assis, DAS",Aaron O'Dea
BTSLSIII11,Perciformes,Lutjanidae,Lutjanus,synagris,Lutjanus synagris,Caribbean,South-western Atlantic.,,240,302,24,30.2,435.27,13.58,13.58,7.49,0.2196,"Assis, DAS, Santos, JA, Moraes, LE, Santos, ACA. Biometric relation between body size and otolith size of seven commercial fish species of the south-western Atlantic. J Appl Ichthyol. 2018; 34: 1176– 1179. https://doi.org/10.1111/jai.13744","Assis, DAS",Aaron O'Dea
BTSLSIII15,Perciformes,Lutjanidae,Lutjanus,synagris,Lutjanus synagris,Caribbean,South-western Atlantic.,,155,200,15.5,20,115.13,9.21,9.21,5.46,0.0849,"Assis, DAS, Santos, JA, Moraes, LE, Santos, ACA. Biometric relation between body size and otolith size of seven commercial fish species of the south-western Atlantic. J Appl Ichthyol. 2018; 34: 1176– 1179. https://doi.org/10.1111/jai.13744","Assis, DAS",Aaron O'Dea
BTSLSIV01,Perciformes,Lutjanidae,Lutjanus,synagris,Lutjanus synagris,Caribbean,South-western Atlantic.,,127,160,12.7,16,61.09,7.79,7.79,4.87,0.0558,"Assis, DAS, Santos, JA, Moraes, LE, Santos, ACA. Biometric relation between body size and otolith size of seven commercial fish species of the south-western Atlantic. J Appl Ichthyol. 2018; 34: 1176– 1179. https://doi.org/10.1111/jai.13744","Assis, DAS",Aaron O'Dea
BTSLSIV02,Perciformes,Lutjanidae,Lutjanus,synagris,Lutjanus synagris,Caribbean,South-western Atlantic.,,136,170,13.6,17,77.74,9.08,9.08,5.46,0.0912,"Assis, DAS, Santos, JA, Moraes, LE, Santos, ACA. Biometric relation between body size and otolith size of seven commercial fish species of the south-western Atlantic. J Appl Ichthyol. 2018; 34: 1176– 1179. https://doi.org/10.1111/jai.13744","Assis, DAS",Aaron O'Dea
BTSLSIV05,Perciformes,Lutjanidae,Lutjanus,synagris,Lutjanus synagris,Caribbean,South-western Atlantic.,,200,263,20,26.3,256.51,11.6,11.6,7.04,0.172,"Assis, DAS, Santos, JA, Moraes, LE, Santos, ACA. Biometric relation between body size and otolith size of seven commercial fish species of the south-western Atlantic. J Appl Ichthyol. 2018; 34: 1176– 1179. https://doi.org/10.1111/jai.13744","Assis, DAS",Aaron O'Dea
BTSLSV01,Perciformes,Lutjanidae,Lutjanus,synagris,Lutjanus synagris,Caribbean,South-western Atlantic.,,96,124,9.6,12.4,29.78,6.53,6.53,4.09,0.0374,"Assis, DAS, Santos, JA, Moraes, LE, Santos, ACA. Biometric relation between body size and otolith size of seven commercial fish species of the south-western Atlantic. J Appl Ichthyol. 2018; 34: 1176– 1179. https://doi.org/10.1111/jai.13744","Assis, DAS",Aaron O'Dea
BTSLSV02,Perciformes,Lutjanidae,Lutjanus,synagris,Lutjanus synagris,Caribbean,South-western Atlantic.,,100,129,10,12.9,30.39,6.75,6.75,4.2,0.0366,"Assis, DAS, Santos, JA, Moraes, LE, Santos, ACA. Biometric relation between body size and otolith size of seven commercial fish species of the south-western Atlantic. J Appl Ichthyol. 2018; 34: 1176– 1179. https://doi.org/10.1111/jai.13744","Assis, DAS",Aaron O'Dea
BTSLSV03,Perciformes,Lutjanidae,Lutjanus,synagris,Lutjanus synagris,Caribbean,South-western Atlantic.,,100,127,10,12.7,31.06,6.76,6.76,4.04,0.0377,"Assis, DAS, Santos, JA, Moraes, LE, Santos, ACA. Biometric relation between body size and otolith size of seven commercial fish species of the south-western Atlantic. J Appl Ichthyol. 2018; 34: 1176– 1179. https://doi.org/10.1111/jai.13744","Assis, DAS",Aaron O'Dea
BTSLSV05,Perciformes,Lutjanidae,Lutjanus,synagris,Lutjanus synagris,Caribbean,South-western Atlantic.,,114,143,11.4,14.3,44.45,7.4,7.4,4.63,0.0491,"Assis, DAS, Santos, JA, Moraes, LE, Santos, ACA. Biometric relation between body size and otolith size of seven commercial fish species of the south-western Atlantic. J Appl Ichthyol. 2018; 34: 1176– 1179. https://doi.org/10.1111/jai.13744","Assis, DAS",Aaron O'Dea
BTSLSV08,Perciformes,Lutjanidae,Lutjanus,synagris,Lutjanus synagris,Caribbean,South-western Atlantic.,,125,156,12.5,15.6,71.47,8.12,8.12,5.2,0.0632,"Assis, DAS, Santos, JA, Moraes, LE, Santos, ACA. Biometric relation between body size and otolith size of seven commercial fish species of the south-western Atlantic. J Appl Ichthyol. 2018; 34: 1176– 1179. https://doi.org/10.1111/jai.13744","Assis, DAS",Aaron O'Dea
BTSLSV09,Perciformes,Lutjanidae,Lutjanus,synagris,Lutjanus synagris,Caribbean,South-western Atlantic.,,127,160,12.7,16,65.42,8.05,8.05,5.04,0.062,"Assis, DAS, Santos, JA, Moraes, LE, Santos, ACA. Biometric relation between body size and otolith size of seven commercial fish species of the south-western Atlantic. J Appl Ichthyol. 2018; 34: 1176– 1179. https://doi.org/10.1111/jai.13744","Assis, DAS",Aaron O'Dea
BTSLSV10,Perciformes,Lutjanidae,Lutjanus,synagris,Lutjanus synagris,Caribbean,South-western Atlantic.,,135,173,13.5,17.3,83.07,8.5,8.5,5.11,0.0667,"Assis, DAS, Santos, JA, Moraes, LE, Santos, ACA. Biometric relation between body size and otolith size of seven commercial fish species of the south-western Atlantic. J Appl Ichthyol. 2018; 34: 1176– 1179. https://doi.org/10.1111/jai.13744","Assis, DAS",Aaron O'Dea
BTSLSVI01,Perciformes,Lutjanidae,Lutjanus,synagris,Lutjanus synagris,Caribbean,South-western Atlantic.,,98,123,9.8,12.3,30.25,6.62,6.62,3.74,0,"Assis, DAS, Santos, JA, Moraes, LE, Santos, ACA. Biometric relation between body size and otolith size of seven commercial fish species of the south-western Atlantic. J Appl Ichthyol. 2018; 34: 1176– 1179. https://doi.org/10.1111/jai.13744","Assis, DAS",Aaron O'Dea
CAMLSIV01,Perciformes,Lutjanidae,Lutjanus,synagris,Lutjanus synagris,Caribbean,South-western Atlantic.,,140,183,14,18.3,93.61,8.54,8.54,5.44,0.0758,"Assis, DAS, Santos, JA, Moraes, LE, Santos, ACA. Biometric relation between body size and otolith size of seven commercial fish species of the south-western Atlantic. J Appl Ichthyol. 2018; 34: 1176– 1179. https://doi.org/10.1111/jai.13744","Assis, DAS",Aaron O'Dea
CAMLSIV03,Perciformes,Lutjanidae,Lutjanus,synagris,Lutjanus synagris,Caribbean,South-western Atlantic.,,143,185,14.3,18.5,96.01,8.68,8.68,5.41,0.0844,"Assis, DAS, Santos, JA, Moraes, LE, Santos, ACA. Biometric relation between body size and otolith size of seven commercial fish species of the south-western Atlantic. J Appl Ichthyol. 2018; 34: 1176– 1179. https://doi.org/10.1111/jai.13744","Assis, DAS",Aaron O'Dea
CAMLSIV04,Perciformes,Lutjanidae,Lutjanus,synagris,Lutjanus synagris,Caribbean,South-western Atlantic.,,110,137,11,13.7,40.5,6.71,6.71,4.13,0.0368,"Assis, DAS, Santos, JA, Moraes, LE, Santos, ACA. Biometric relation between body size and otolith size of seven commercial fish species of the south-western Atlantic. J Appl Ichthyol. 2018; 34: 1176– 1179. https://doi.org/10.1111/jai.13744","Assis, DAS",Aaron O'Dea
CAMLSIV05,Perciformes,Lutjanidae,Lutjanus,synagris,Lutjanus synagris,Caribbean,South-western Atlantic.,,112,144,11.2,14.4,49.27,6.82,6.82,4.18,0.0407,"Assis, DAS, Santos, JA, Moraes, LE, Santos, ACA. Biometric relation between body size and otolith size of seven commercial fish species of the south-western Atlantic. J Appl Ichthyol. 2018; 34: 1176– 1179. https://doi.org/10.1111/jai.13744","Assis, DAS",Aaron O'Dea
CAMLSIV06,Perciformes,Lutjanidae,Lutjanus,synagris,Lutjanus synagris,Caribbean,South-western Atlantic.,,112,145,11.2,14.5,49.73,7.54,7.54,4.59,0.0523,"Assis, DAS, Santos, JA, Moraes, LE, Santos, ACA. Biometric relation between body size and otolith size of seven commercial fish species of the south-western Atlantic. J Appl Ichthyol. 2018; 34: 1176– 1179. https://doi.org/10.1111/jai.13744","Assis, DAS",Aaron O'Dea
CAMLSIV07,Perciformes,Lutjanidae,Lutjanus,synagris,Lutjanus synagris,Caribbean,South-western Atlantic.,,111,143,11.1,14.3,42.81,6.73,6.73,4.28,0.0388,"Assis, DAS, Santos, JA, Moraes, LE, Santos, ACA. Biometric relation between body size and otolith size of seven commercial fish species of the south-western Atlantic. J Appl Ichthyol. 2018; 34: 1176– 1179. https://doi.org/10.1111/jai.13744","Assis, DAS",Aaron O'Dea
CAMLSIV08,Perciformes,Lutjanidae,Lutjanus,synagris,Lutjanus synagris,Caribbean,South-western Atlantic.,,105,134,10.5,13.4,37.32,6.52,6.52,4.08,0.0361,"Assis, DAS, Santos, JA, Moraes, LE, Santos, ACA. Biometric relation between body size and otolith size of seven commercial fish species of the south-western Atlantic. J Appl Ichthyol. 2018; 34: 1176– 1179. https://doi.org/10.1111/jai.13744","Assis, DAS",Aaron O'Dea
CAMLSIV10,Perciformes,Lutjanidae,Lutjanus,synagris,Lutjanus synagris,Caribbean,South-western Atlantic.,,92,117,9.2,11.7,26.12,6.14,6.14,3.57,0.026,"Assis, DAS, Santos, JA, Moraes, LE, Santos, ACA. Biometric relation between body size and otolith size of seven commercial fish species of the south-western Atlantic. J Appl Ichthyol. 2018; 34: 1176– 1179. https://doi.org/10.1111/jai.13744","Assis, DAS",Aaron O'Dea
CAMLSIV11,Perciformes,Lutjanidae,Lutjanus,synagris,Lutjanus synagris,Caribbean,South-western Atlantic.,,95,121,9.5,12.1,28.41,6.16,6.16,3.67,0.0296,"Assis, DAS, Santos, JA, Moraes, LE, Santos, ACA. Biometric relation between body size and otolith size of seven commercial fish species of the south-western Atlantic. J Appl Ichthyol. 2018; 34: 1176– 1179. https://doi.org/10.1111/jai.13744","Assis, DAS",Aaron O'Dea
CAMLSIV13,Perciformes,Lutjanidae,Lutjanus,synagris,Lutjanus synagris,Caribbean,South-western Atlantic.,,75,95,7.5,9.5,13.15,4.91,4.91,3.05,0.0165,"Assis, DAS, Santos, JA, Moraes, LE, Santos, ACA. Biometric relation between body size and otolith size of seven commercial fish species of the south-western Atlantic. J Appl Ichthyol. 2018; 34: 1176– 1179. https://doi.org/10.1111/jai.13744","Assis, DAS",Aaron O'Dea
CAMLSIV14,Perciformes,Lutjanidae,Lutjanus,synagris,Lutjanus synagris,Caribbean,South-western Atlantic.,,85,112,8.5,11.2,22.23,5.76,5.76,3.62,0.0233,"Assis, DAS, Santos, JA, Moraes, LE, Santos, ACA. Biometric relation between body size and otolith size of seven commercial fish species of the south-western Atlantic. J Appl Ichthyol. 2018; 34: 1176– 1179. https://doi.org/10.1111/jai.13744","Assis, DAS",Aaron O'Dea
CAMLSIV15,Perciformes,Lutjanidae,Lutjanus,synagris,Lutjanus synagris,Caribbean,South-western Atlantic.,,86,110,8.6,11,19.28,5.64,5.64,3.39,0.0216,"Assis, DAS, Santos, JA, Moraes, LE, Santos, ACA. Biometric relation between body size and otolith size of seven commercial fish species of the south-western Atlantic. J Appl Ichthyol. 2018; 34: 1176– 1179. https://doi.org/10.1111/jai.13744","Assis, DAS",Aaron O'Dea
CAMLSIV16,Perciformes,Lutjanidae,Lutjanus,synagris,Lutjanus synagris,Caribbean,South-western Atlantic.,,66,84,6.6,8.4,9.12,4.28,4.28,2.53,0.0102,"Assis, DAS, Santos, JA, Moraes, LE, Santos, ACA. Biometric relation between body size and otolith size of seven commercial fish species of the south-western Atlantic. J Appl Ichthyol. 2018; 34: 1176– 1179. https://doi.org/10.1111/jai.13744","Assis, DAS",Aaron O'Dea
CAMLSIV17,Perciformes,Lutjanidae,Lutjanus,synagris,Lutjanus synagris,Caribbean,South-western Atlantic.,,65,85,6.5,8.5,9.71,4.25,4.25,2.65,0.011,"Assis, DAS, Santos, JA, Moraes, LE, Santos, ACA. Biometric relation between body size and otolith size of seven commercial fish species of the south-western Atlantic. J Appl Ichthyol. 2018; 34: 1176– 1179. https://doi.org/10.1111/jai.13744","Assis, DAS",Aaron O'Dea
CAMLSIV18,Perciformes,Lutjanidae,Lutjanus,synagris,Lutjanus synagris,Caribbean,South-western Atlantic.,,65,84,6.5,8.4,9.47,4.32,4.32,2.62,0.0106,"Assis, DAS, Santos, JA, Moraes, LE, Santos, ACA. Biometric relation between body size and otolith size of seven commercial fish species of the south-western Atlantic. J Appl Ichthyol. 2018; 34: 1176– 1179. https://doi.org/10.1111/jai.13744","Assis, DAS",Aaron O'Dea
CAMLSIV19,Perciformes,Lutjanidae,Lutjanus,synagris,Lutjanus synagris,Caribbean,South-western Atlantic.,,63,82,6.3,8.2,8.94,4.22,4.22,2.61,0.0106,"Assis, DAS, Santos, JA, Moraes, LE, Santos, ACA. Biometric relation between body size and otolith size of seven commercial fish species of the south-western Atlantic. J Appl Ichthyol. 2018; 34: 1176– 1179. https://doi.org/10.1111/jai.13744","Assis, DAS",Aaron O'Dea
CAMLSIV20,Perciformes,Lutjanidae,Lutjanus,synagris,Lutjanus synagris,Caribbean,South-western Atlantic.,,61,80,6.1,8,7.71,4.07,4.07,2.54,0.0096,"Assis, DAS, Santos, JA, Moraes, LE, Santos, ACA. Biometric relation between body size and otolith size of seven commercial fish species of the south-western Atlantic. J Appl Ichthyol. 2018; 34: 1176– 1179. https://doi.org/10.1111/jai.13744","Assis, DAS",Aaron O'Dea
CAMLSIV21,Perciformes,Lutjanidae,Lutjanus,synagris,Lutjanus synagris,Caribbean,South-western Atlantic.,,55,71,5.5,7.1,6.02,3.99,3.99,2.34,0.0081,"Assis, DAS, Santos, JA, Moraes, LE, Santos, ACA. Biometric relation between body size and otolith size of seven commercial fish species of the south-western Atlantic. J Appl Ichthyol. 2018; 34: 1176– 1179. https://doi.org/10.1111/jai.13744","Assis, DAS",Aaron O'Dea
CARLSIII02,Perciformes,Lutjanidae,Lutjanus,synagris,Lutjanus synagris,Caribbean,South-western Atlantic.,,255,446,25.5,44.6,1259.81,19.71,19.71,10.38,0.7089,"Assis, DAS, Santos, JA, Moraes, LE, Santos, ACA. Biometric relation between body size and otolith size of seven commercial fish species of the south-western Atlantic. J Appl Ichthyol. 2018; 34: 1176– 1179. https://doi.org/10.1111/jai.13744","Assis, DAS",Aaron O'Dea
CARLSIII04,Perciformes,Lutjanidae,Lutjanus,synagris,Lutjanus synagris,Caribbean,South-western Atlantic.,,272,342,27.2,34.2,533.28,14.8,14.8,8.44,0.3233,"Assis, DAS, Santos, JA, Moraes, LE, Santos, ACA. Biometric relation between body size and otolith size of seven commercial fish species of the south-western Atlantic. J Appl Ichthyol. 2018; 34: 1176– 1179. https://doi.org/10.1111/jai.13744","Assis, DAS",Aaron O'Dea
CARLSIII09,Perciformes,Lutjanidae,Lutjanus,synagris,Lutjanus synagris,Caribbean,South-western Atlantic.,,164,207,16.4,20.7,143.1,10.23,10.23,6.42,0.1457,"Assis, DAS, Santos, JA, Moraes, LE, Santos, ACA. Biometric relation between body size and otolith size of seven commercial fish species of the south-western Atlantic. J Appl Ichthyol. 2018; 34: 1176– 1179. https://doi.org/10.1111/jai.13744","Assis, DAS",Aaron O'Dea
CARLSIII10,Perciformes,Lutjanidae,Lutjanus,synagris,Lutjanus synagris,Caribbean,South-western Atlantic.,,166,212,16.6,21.2,147.59,10.19,10.19,6.02,0.1179,"Assis, DAS, Santos, JA, Moraes, LE, Santos, ACA. Biometric relation between body size and otolith size of seven commercial fish species of the south-western Atlantic. J Appl Ichthyol. 2018; 34: 1176– 1179. https://doi.org/10.1111/jai.13744","Assis, DAS",Aaron O'Dea
CARLSIII11,Perciformes,Lutjanidae,Lutjanus,synagris,Lutjanus synagris,Caribbean,South-western Atlantic.,,175,224,17.5,22.4,188.18,10.58,10.58,6.42,0.1363,"Assis, DAS, Santos, JA, Moraes, LE, Santos, ACA. Biometric relation between body size and otolith size of seven commercial fish species of the south-western Atlantic. J Appl Ichthyol. 2018; 34: 1176– 1179. https://doi.org/10.1111/jai.13744","Assis, DAS",Aaron O'Dea
CARLSV01,Perciformes,Lutjanidae,Lutjanus,synagris,Lutjanus synagris,Caribbean,South-western Atlantic.,,295,370,29.5,37,702.02,16.64,16.64,9.34,0.517,"Assis, DAS, Santos, JA, Moraes, LE, Santos, ACA. Biometric relation between body size and otolith size of seven commercial fish species of the south-western Atlantic. J Appl Ichthyol. 2018; 34: 1176– 1179. https://doi.org/10.1111/jai.13744","Assis, DAS",Aaron O'Dea
CARLSV02,Perciformes,Lutjanidae,Lutjanus,synagris,Lutjanus synagris,Caribbean,South-western Atlantic.,,302,380,30.2,38,833.08,17.92,17.92,10.45,0.5656,"Assis, DAS, Santos, JA, Moraes, LE, Santos, ACA. Biometric relation between body size and otolith size of seven commercial fish species of the south-western Atlantic. J Appl Ichthyol. 2018; 34: 1176– 1179. https://doi.org/10.1111/jai.13744","Assis, DAS",Aaron O'Dea
CARLSV03,Perciformes,Lutjanidae,Lutjanus,synagris,Lutjanus synagris,Caribbean,South-western Atlantic.,,357,426,35.7,42.6,1136.33,19.58,19.58,10.87,0.7403,"Assis, DAS, Santos, JA, Moraes, LE, Santos, ACA. Biometric relation between body size and otolith size of seven commercial fish species of the south-western Atlantic. J Appl Ichthyol. 2018; 34: 1176– 1179. https://doi.org/10.1111/jai.13744","Assis, DAS",Aaron O'Dea
CARLSV04,Perciformes,Lutjanidae,Lutjanus,synagris,Lutjanus synagris,Caribbean,South-western Atlantic.,,336,411,33.6,41.1,941.06,15.66,15.66,9.26,0.5067,"Assis, DAS, Santos, JA, Moraes, LE, Santos, ACA. Biometric relation between body size and otolith size of seven commercial fish species of the south-western Atlantic. J Appl Ichthyol. 2018; 34: 1176– 1179. https://doi.org/10.1111/jai.13744","Assis, DAS",Aaron O'Dea
CARLSV05,Perciformes,Lutjanidae,Lutjanus,synagris,Lutjanus synagris,Caribbean,South-western Atlantic.,,285,360,28.5,36,645.53,15.39,15.39,8.5,0.3966,"Assis, DAS, Santos, JA, Moraes, LE, Santos, ACA. Biometric relation between body size and otolith size of seven commercial fish species of the south-western Atlantic. J Appl Ichthyol. 2018; 34: 1176– 1179. https://doi.org/10.1111/jai.13744","Assis, DAS",Aaron O'Dea
CARLSV06,Perciformes,Lutjanidae,Lutjanus,synagris,Lutjanus synagris,Caribbean,South-western Atlantic.,,283,354,28.3,35.4,647.08,15.35,15.35,8.4,0.4081,"Assis, DAS, Santos, JA, Moraes, LE, Santos, ACA. Biometric relation between body size and otolith size of seven commercial fish species of the south-western Atlantic. J Appl Ichthyol. 2018; 34: 1176– 1179. https://doi.org/10.1111/jai.13744","Assis, DAS",Aaron O'Dea
CARLSV07,Perciformes,Lutjanidae,Lutjanus,synagris,Lutjanus synagris,Caribbean,South-western Atlantic.,,270,337,27,33.7,567.18,15.66,15.66,9.26,0.4615,"Assis, DAS, Santos, JA, Moraes, LE, Santos, ACA. Biometric relation between body size and otolith size of seven commercial fish species of the south-western Atlantic. J Appl Ichthyol. 2018; 34: 1176– 1179. https://doi.org/10.1111/jai.13744","Assis, DAS",Aaron O'Dea
CARLSV09,Perciformes,Lutjanidae,Lutjanus,synagris,Lutjanus synagris,Caribbean,South-western Atlantic.,,230,293,23,29.3,382.72,13.43,13.43,8.05,0.3526,"Assis, DAS, Santos, JA, Moraes, LE, Santos, ACA. Biometric relation between body size and otolith size of seven commercial fish species of the south-western Atlantic. J Appl Ichthyol. 2018; 34: 1176– 1179. https://doi.org/10.1111/jai.13744","Assis, DAS",Aaron O'Dea
